nams,residue233,residue234,residue235,residue236,residue237,residue238,residue239,residue240,residue241,residue242,residue243,residue244,residue245,residue246,residue247,residue248,residue267,residue268,residue269,residue270,residue271,residue272,residue273,residue274,residue275,residue276,residue277,residue278,residue279,truth
WP_178618037,,P,T,L,Y,V,P,R,P,L,E,Y,G,A,V,N,V,E,P,E,A,K,Y,D,H,E,T,V,A,defluor
AdehDF,,Q,V,A,W,C,N,R,A,G,Q,-,-,-,-,-,P,A,E,R,L,P,A,A,P,D,A,E,I,defluor
Bpro4516DF,,Q,T,L,W,I,N,R,Y,Q,L,-,-,-,-,-,P,F,E,E,L,G,T,A,P,T,Y,T,G,defluor
ST2570DF,,R,S,I,F,V,N,R,K,N,T,-,-,-,-,-,I,V,D,P,I,G,G,K,P,D,V,I,V,defluor
GKG916071DF,,T,V,G,W,L,N,R,R,G,L,-,-,-,-,-,P,P,E,E,L,G,V,R,A,D,Y,E,A,defluor
WP_087189991,,T,V,G,W,L,N,R,R,G,L,-,-,-,-,-,P,P,E,E,L,G,V,R,A,D,Y,E,A,defluor
WP_050688410,,A,T,A,W,V,N,R,K,G,N,-,-,-,-,-,V,A,E,H,K,E,L,Q,P,N,V,I,I,defluor
3UMG,,A,T,A,F,I,L,R,P,V,E,H,G,P,-,H,D,D,L,A,P,T,G,S,W,D,I,S,A,defluor
3UM9,,P,V,C,W,I,N,R,S,N,G,-,-,-,-,-,V,F,D,Q,L,G,V,V,P,D,I,V,V,defluor
WP1187090781,,T,T,I,F,V,P,R,P,L,E,Y,G,P,K,V,D,E,P,G,G,E,Q,E,V,D,Y,V,L,nondefluor
DehlVa,,N,T,V,R,I,N,R,Q,G,N,-,-,-,-,-,P,P,E,Y,E,F,A,P,L,K,H,Q,V,nondefluor
DhlB,,S,V,A,R,V,A,R,L,S,Q,E,A,L,A,R,R,E,E,T,Y,A,E,A,P,D,F,V,V,nondefluor
LDexYL,,P,T,C,W,I,N,R,T,G,N,-,-,-,-,-,V,F,E,E,M,G,Q,T,P,D,W,E,V,nondefluor
PA0810,,K,T,A,F,I,A,R,P,L,E,Y,G,P,-,G,Q,D,L,A,A,E,Q,D,W,D,L,I,A,nondefluor
RSc1362,,T,T,F,W,I,N,R,L,G,H,-,-,-,-,-,P,P,E,A,L,D,V,A,P,A,A,A,G,nondefluor
WP0066862581,,K,T,A,F,V,A,R,P,G,Q,-,-,-,-,-,Q,L,Y,P,L,A,P,E,P,D,L,V,V,nondefluor
WP_053428405.1,,H,T,A,W,I,N,R,G,H,A,-,-,-,-,-,P,T,E,Q,L,G,L,E,P,D,A,E,Y,nondefluor
WP_029378231,,D,T,V,W,V,N,R,S,K,S,-,-,-,-,-,H,F,D,Y,N,G,Q,S,P,T,M,T,V,nondefluor
WP_048310185,,H,T,A,W,I,N,R,N,E,K,-,-,-,-,-,P,V,E,K,L,A,L,E,P,D,T,I,Y,nondefluor
WP_081745164,,K,T,A,L,V,D,R,-,-,-,-,-,-,-,-,K,K,S,G,N,E,Y,G,Q,T,F,S,I,nondefluor
WP_066861885,,Q,A,C,W,V,N,R,K,G,E,-,-,-,-,-,-,-,Q,A,E,D,V,T,P,D,F,E,I,nondefluor
WP_263041397,,R,T,V,W,V,N,R,K,S,L,-,-,-,-,-,-,-,L,V,G,D,V,F,P,D,A,I,V,nondefluor
WP_187031722,,R,T,I,W,V,N,R,Q,G,I,V,R,P,I,-,-,E,L,L,Q,Y,C,K,E,D,I,L,C,nondefluor
WP_036125194,,K,G,I,W,-,-,K,K,D,A,-,-,-,-,-,-,-,Q,W,D,H,V,E,A,D,A,I,L,nondefluor
WP_031546286,,P,C,V,W,I,N,R,Q,Q,L,-,-,-,-,-,-,S,P,L,P,D,I,T,P,T,Y,S,L,nondefluor
WP_053359908,,N,V,A,W,I,N,R,F,N,N,-,-,-,-,-,K,K,E,I,L,P,F,E,S,D,V,E,L,nondefluor
GKH53471,,Q,V,A,A,V,I,D,D,R,F,-,-,-,-,-,-,-,-,F,D,R,S,L,A,D,F,E,V,nondefluor
WP_178618037_1_V3A,,P,T,L,Y,V,P,R,P,L,E,Y,G,A,V,N,V,E,P,E,A,K,Y,D,H,E,T,V,A,nondefluor
WP_178618037_1_V6A,,P,T,L,Y,V,P,R,P,L,E,Y,G,A,V,N,V,E,P,E,A,K,Y,D,H,E,T,V,A,nondefluor
WP_178618037_1_R7A,,P,T,L,Y,V,P,R,P,L,E,Y,G,A,V,N,V,E,P,E,A,K,Y,D,H,E,T,V,A,nondefluor
WP_178618037_1_I8A,,P,T,L,Y,V,P,R,P,L,E,Y,G,A,V,N,V,E,P,E,A,K,Y,D,H,E,T,V,A,nondefluor
WP_178618037_1_V9A,,P,T,L,Y,V,P,R,P,L,E,Y,G,A,V,N,V,E,P,E,A,K,Y,D,H,E,T,V,A,nondefluor
WP_178618037_1_I10A,,P,T,L,Y,V,P,R,P,L,E,Y,G,A,V,N,V,E,P,E,A,K,Y,D,H,E,T,V,A,nondefluor
WP_178618037_1_F11A,,P,T,L,Y,V,P,R,P,L,E,Y,G,A,V,N,V,E,P,E,A,K,Y,D,H,E,T,V,A,nondefluor
WP_178618037_1_D12A,,P,T,L,Y,V,P,R,P,L,E,Y,G,A,V,N,V,E,P,E,A,K,Y,D,H,E,T,V,A,nondefluor
WP_178618037_1_F14A,,P,T,L,Y,V,P,R,P,L,E,Y,G,A,V,N,V,E,P,E,A,K,Y,D,H,E,T,V,A,nondefluor
WP_178618037_1_G15A,,P,T,L,Y,V,P,R,P,L,E,Y,G,A,V,N,V,E,P,E,A,K,Y,D,H,E,T,V,A,nondefluor
WP_178618037_1_T16A,,P,T,L,Y,V,P,R,P,L,E,Y,G,A,V,N,V,E,P,E,A,K,Y,D,H,E,T,V,A,nondefluor
WP_178618037_1_V17A,,P,T,L,Y,V,P,R,P,L,E,Y,G,A,V,N,V,E,P,E,A,K,Y,D,H,E,T,V,A,nondefluor
WP_178618037_1_V18A,,P,T,L,Y,V,P,R,P,L,E,Y,G,A,V,N,V,E,P,E,A,K,Y,D,H,E,T,V,A,defluor
WP_178618037_1_N19A,,P,T,L,Y,V,P,R,P,L,E,Y,G,A,V,N,V,E,P,E,A,K,Y,D,H,E,T,V,A,nondefluor
WP_178618037_1_W20A,,P,T,L,Y,V,P,R,P,L,E,Y,G,A,V,N,V,E,P,E,A,K,Y,D,H,E,T,V,A,nondefluor
WP_178618037_1_H21A,,P,T,L,Y,V,P,R,P,L,E,Y,G,A,V,N,V,E,P,E,A,K,Y,D,H,E,T,V,A,nondefluor
WP_178618037_1_S23A,,P,T,L,Y,V,P,R,P,L,E,Y,G,A,V,N,V,E,P,E,A,K,Y,D,H,E,T,V,A,defluor
WP_178618037_1_Q26A,,P,T,L,Y,V,P,R,P,L,E,Y,G,A,V,N,V,E,P,E,A,K,Y,D,H,E,T,V,A,defluor
WP_178618037_1_G28A,,P,T,L,Y,V,P,R,P,L,E,Y,G,A,V,N,V,E,P,E,A,K,Y,D,H,E,T,V,A,nondefluor
WP_178618037_1_L31A,,P,T,L,Y,V,P,R,P,L,E,Y,G,A,V,N,V,E,P,E,A,K,Y,D,H,E,T,V,A,nondefluor
WP_178618037_1_R33A,,P,T,L,Y,V,P,R,P,L,E,Y,G,A,V,N,V,E,P,E,A,K,Y,D,H,E,T,V,A,defluor
WP_178618037_1_G36A,,P,T,L,Y,V,P,R,P,L,E,Y,G,A,V,N,V,E,P,E,A,K,Y,D,H,E,T,V,A,defluor
WP_178618037_1_I39A,,P,T,L,Y,V,P,R,P,L,E,Y,G,A,V,N,V,E,P,E,A,K,Y,D,H,E,T,V,A,nondefluor
WP_178618037_1_W41A,,P,T,L,Y,V,P,R,P,L,E,Y,G,A,V,N,V,E,P,E,A,K,Y,D,H,E,T,V,A,nondefluor
WP_178618037_1_F44A,,P,T,L,Y,V,P,R,P,L,E,Y,G,A,V,N,V,E,P,E,A,K,Y,D,H,E,T,V,A,nondefluor
WP_178618037_1_A45H,,P,T,L,Y,V,P,R,P,L,E,Y,G,A,V,N,V,E,P,E,A,K,Y,D,H,E,T,V,A,nondefluor
WP_178618037_1_W48A,,P,T,L,Y,V,P,R,P,L,E,Y,G,A,V,N,V,E,P,E,A,K,Y,D,H,E,T,V,A,nondefluor
WP_178618037_1_R49A,,P,T,L,Y,V,P,R,P,L,E,Y,G,A,V,N,V,E,P,E,A,K,Y,D,H,E,T,V,A,nondefluor
WP_178618037_1_G52A,,P,T,L,Y,V,P,R,P,L,E,Y,G,A,V,N,V,E,P,E,A,K,Y,D,H,E,T,V,A,defluor
WP_178618037_1_Y53A,,P,T,L,Y,V,P,R,P,L,E,Y,G,A,V,N,V,E,P,E,A,K,Y,D,H,E,T,V,A,nondefluor
WP_178618037_1_I54A,,P,T,L,Y,V,P,R,P,L,E,Y,G,A,V,N,V,E,P,E,A,K,Y,D,H,E,T,V,A,defluor
WP_178618037_1_V56A,,P,T,L,Y,V,P,R,P,L,E,Y,G,A,V,N,V,E,P,E,A,K,Y,D,H,E,T,V,A,nondefluor
WP_178618037_1_A61H,,P,T,L,Y,V,P,R,P,L,E,Y,G,A,V,N,V,E,P,E,A,K,Y,D,H,E,T,V,A,nondefluor
WP_178618037_1_Q62A,,P,T,L,Y,V,P,R,P,L,E,Y,G,A,V,N,V,E,P,E,A,K,Y,D,H,E,T,V,A,defluor
WP_178618037_1_L64A,,P,T,L,Y,V,P,R,P,L,E,Y,G,A,V,N,V,E,P,E,A,K,Y,D,H,E,T,V,A,defluor
WP_178618037_1_R65A,,P,T,L,Y,V,P,R,P,L,E,Y,G,A,V,N,V,E,P,E,A,K,Y,D,H,E,T,V,A,defluor
WP_178618037_1_P66A,,P,T,L,Y,V,P,R,P,L,E,Y,G,A,V,N,V,E,P,E,A,K,Y,D,H,E,T,V,A,defluor
WP_178618037_1_W67A,,P,T,L,Y,V,P,R,P,L,E,Y,G,A,V,N,V,E,P,E,A,K,Y,D,H,E,T,V,A,nondefluor
WP_178618037_1_P69A,,P,T,L,Y,V,P,R,P,L,E,Y,G,A,V,N,V,E,P,E,A,K,Y,D,H,E,T,V,A,defluor
WP_178618037_1_V70A,,P,T,L,Y,V,P,R,P,L,E,Y,G,A,V,N,V,E,P,E,A,K,Y,D,H,E,T,V,A,nondefluor
WP_178618037_1_D71A,,P,T,L,Y,V,P,R,P,L,E,Y,G,A,V,N,V,E,P,E,A,K,Y,D,H,E,T,V,A,nondefluor
WP_178618037_1_V72A,,P,T,L,Y,V,P,R,P,L,E,Y,G,A,V,N,V,E,P,E,A,K,Y,D,H,E,T,V,A,nondefluor
WP_178618037_1_L73A,,P,T,L,Y,V,P,R,P,L,E,Y,G,A,V,N,V,E,P,E,A,K,Y,D,H,E,T,V,A,nondefluor
WP_178618037_1_H74A,,P,T,L,Y,V,P,R,P,L,E,Y,G,A,V,N,V,E,P,E,A,K,Y,D,H,E,T,V,A,nondefluor
WP_178618037_1_R75A,,P,T,L,Y,V,P,R,P,L,E,Y,G,A,V,N,V,E,P,E,A,K,Y,D,H,E,T,V,A,nondefluor
WP_178618037_1_L78A,,P,T,L,Y,V,P,R,P,L,E,Y,G,A,V,N,V,E,P,E,A,K,Y,D,H,E,T,V,A,nondefluor
WP_178618037_1_D79A,,P,T,L,Y,V,P,R,P,L,E,Y,G,A,V,N,V,E,P,E,A,K,Y,D,H,E,T,V,A,defluor
WP_178618037_1_E80A,,P,T,L,Y,V,P,R,P,L,E,Y,G,A,V,N,V,E,P,E,A,K,Y,D,H,E,T,V,A,defluor
WP_178618037_1_L81A,,P,T,L,Y,V,P,R,P,L,E,Y,G,A,V,N,V,E,P,E,A,K,Y,D,H,E,T,V,A,nondefluor
WP_178618037_1_D83A,,P,T,L,Y,V,P,R,P,L,E,Y,G,A,V,N,V,E,P,E,A,K,Y,D,H,E,T,V,A,defluor
WP_178618037_1_G86A,,P,T,L,Y,V,P,R,P,L,E,Y,G,A,V,N,V,E,P,E,A,K,Y,D,H,E,T,V,A,defluor
WP_178618037_1_L87A,,P,T,L,Y,V,P,R,P,L,E,Y,G,A,V,N,V,E,P,E,A,K,Y,D,H,E,T,V,A,nondefluor
WP_178618037_1_K88A,,P,T,L,Y,V,P,R,P,L,E,Y,G,A,V,N,V,E,P,E,A,K,Y,D,H,E,T,V,A,defluor
WP_178618037_1_T90A,,P,T,L,Y,V,P,R,P,L,E,Y,G,A,V,N,V,E,P,E,A,K,Y,D,H,E,T,V,A,defluor
WP_178618037_1_E91A,,P,T,L,Y,V,P,R,P,L,E,Y,G,A,V,N,V,E,P,E,A,K,Y,D,H,E,T,V,A,defluor
WP_178618037_1_E92A,,P,T,L,Y,V,P,R,P,L,E,Y,G,A,V,N,V,E,P,E,A,K,Y,D,H,E,T,V,A,defluor
WP_178618037_1_E93A,,P,T,L,Y,V,P,R,P,L,E,Y,G,A,V,N,V,E,P,E,A,K,Y,D,H,E,T,V,A,nondefluor
WP_178618037_1_T94A,,P,T,L,Y,V,P,R,P,L,E,Y,G,A,V,N,V,E,P,E,A,K,Y,D,H,E,T,V,A,defluor
WP_178618037_1_D95A,,P,T,L,Y,V,P,R,P,L,E,Y,G,A,V,N,V,E,P,E,A,K,Y,D,H,E,T,V,A,defluor
WP_178618037_1_H96A,,P,T,L,Y,V,P,R,P,L,E,Y,G,A,V,N,V,E,P,E,A,K,Y,D,H,E,T,V,A,defluor
WP_178618037_1_F97A,,P,T,L,Y,V,P,R,P,L,E,Y,G,A,V,N,V,E,P,E,A,K,Y,D,H,E,T,V,A,nondefluor
WP_178618037_1_W101A,,P,T,L,Y,V,P,R,P,L,E,Y,G,A,V,N,V,E,P,E,A,K,Y,D,H,E,T,V,A,nondefluor
WP_178618037_1_H102A,,P,T,L,Y,V,P,R,P,L,E,Y,G,A,V,N,V,E,P,E,A,K,Y,D,H,E,T,V,A,nondefluor
WP_178618037_1_R103A,,P,T,L,Y,V,P,R,P,L,E,Y,G,A,V,N,V,E,P,E,A,K,Y,D,H,E,T,V,A,nondefluor
WP_178618037_1_L105A,,P,T,L,Y,V,P,R,P,L,E,Y,G,A,V,N,V,E,P,E,A,K,Y,D,H,E,T,V,A,defluor
WP_178618037_1_P106A,,P,T,L,Y,V,P,R,P,L,E,Y,G,A,V,N,V,E,P,E,A,K,Y,D,H,E,T,V,A,nondefluor
WP_178618037_1_W107A,,P,T,L,Y,V,P,R,P,L,E,Y,G,A,V,N,V,E,P,E,A,K,Y,D,H,E,T,V,A,nondefluor
WP_178618037_1_D109A,,P,T,L,Y,V,P,R,P,L,E,Y,G,A,V,N,V,E,P,E,A,K,Y,D,H,E,T,V,A,nondefluor
WP_178618037_1_V110A,,P,T,L,Y,V,P,R,P,L,E,Y,G,A,V,N,V,E,P,E,A,K,Y,D,H,E,T,V,A,defluor
WP_178618037_1_Q111A,,P,T,L,Y,V,P,R,P,L,E,Y,G,A,V,N,V,E,P,E,A,K,Y,D,H,E,T,V,A,defluor
WP_178618037_1_G113A,,P,T,L,Y,V,P,R,P,L,E,Y,G,A,V,N,V,E,P,E,A,K,Y,D,H,E,T,V,A,defluor
WP_178618037_1_L114A,,P,T,L,Y,V,P,R,P,L,E,Y,G,A,V,N,V,E,P,E,A,K,Y,D,H,E,T,V,A,nondefluor
WP_178618037_1_R115A,,P,T,L,Y,V,P,R,P,L,E,Y,G,A,V,N,V,E,P,E,A,K,Y,D,H,E,T,V,A,defluor
WP_178618037_1_R116A,,P,T,L,Y,V,P,R,P,L,E,Y,G,A,V,N,V,E,P,E,A,K,Y,D,H,E,T,V,A,defluor
WP_178618037_1_L117A,,P,T,L,Y,V,P,R,P,L,E,Y,G,A,V,N,V,E,P,E,A,K,Y,D,H,E,T,V,A,nondefluor
WP_178618037_1_T119A,,P,T,L,Y,V,P,R,P,L,E,Y,G,A,V,N,V,E,P,E,A,K,Y,D,H,E,T,V,A,defluor
WP_178618037_1_Y121A,,P,T,L,Y,V,P,R,P,L,E,Y,G,A,V,N,V,E,P,E,A,K,Y,D,H,E,T,V,A,nondefluor
WP_178618037_1_S122A,,P,T,L,Y,V,P,R,P,L,E,Y,G,A,V,N,V,E,P,E,A,K,Y,D,H,E,T,V,A,defluor
WP_178618037_1_I123A,,P,T,L,Y,V,P,R,P,L,E,Y,G,A,V,N,V,E,P,E,A,K,Y,D,H,E,T,V,A,nondefluor
WP_178618037_1_G124A,,P,T,L,Y,V,P,R,P,L,E,Y,G,A,V,N,V,E,P,E,A,K,Y,D,H,E,T,V,A,nondefluor
WP_178618037_1_F126A,,P,T,L,Y,V,P,R,P,L,E,Y,G,A,V,N,V,E,P,E,A,K,Y,D,H,E,T,V,A,nondefluor
WP_178618037_1_S127A,,P,T,L,Y,V,P,R,P,L,E,Y,G,A,V,N,V,E,P,E,A,K,Y,D,H,E,T,V,A,nondefluor
WP_178618037_1_N128A,,P,T,L,Y,V,P,R,P,L,E,Y,G,A,V,N,V,E,P,E,A,K,Y,D,H,E,T,V,A,nondefluor
WP_178618037_1_G129A,,P,T,L,Y,V,P,R,P,L,E,Y,G,A,V,N,V,E,P,E,A,K,Y,D,H,E,T,V,A,nondefluor
WP_178618037_1_D130A,,P,T,L,Y,V,P,R,P,L,E,Y,G,A,V,N,V,E,P,E,A,K,Y,D,H,E,T,V,A,nondefluor
WP_178618037_1_F131A,,P,T,L,Y,V,P,R,P,L,E,Y,G,A,V,N,V,E,P,E,A,K,Y,D,H,E,T,V,A,nondefluor
WP_178618037_1_R132A,,P,T,L,Y,V,P,R,P,L,E,Y,G,A,V,N,V,E,P,E,A,K,Y,D,H,E,T,V,A,nondefluor
WP_178618037_1_L134A,,P,T,L,Y,V,P,R,P,L,E,Y,G,A,V,N,V,E,P,E,A,K,Y,D,H,E,T,V,A,nondefluor
WP_178618037_1_L135A,,P,T,L,Y,V,P,R,P,L,E,Y,G,A,V,N,V,E,P,E,A,K,Y,D,H,E,T,V,A,nondefluor
WP_178618037_1_N136A,,P,T,L,Y,V,P,R,P,L,E,Y,G,A,V,N,V,E,P,E,A,K,Y,D,H,E,T,V,A,nondefluor
WP_178618037_1_M137A,,P,T,L,Y,V,P,R,P,L,E,Y,G,A,V,N,V,E,P,E,A,K,Y,D,H,E,T,V,A,nondefluor
WP_178618037_1_A138H,,P,T,L,Y,V,P,R,P,L,E,Y,G,A,V,N,V,E,P,E,A,K,Y,D,H,E,T,V,A,nondefluor
WP_178618037_1_G140A,,P,T,L,Y,V,P,R,P,L,E,Y,G,A,V,N,V,E,P,E,A,K,Y,D,H,E,T,V,A,defluor
WP_178618037_1_S141A,,P,T,L,Y,V,P,R,P,L,E,Y,G,A,V,N,V,E,P,E,A,K,Y,D,H,E,T,V,A,defluor
WP_178618037_1_L143A,,P,T,L,Y,V,P,R,P,L,E,Y,G,A,V,N,V,E,P,E,A,K,Y,D,H,E,T,V,A,nondefluor
WP_178618037_1_W145A,,P,T,L,Y,V,P,R,P,L,E,Y,G,A,V,N,V,E,P,E,A,K,Y,D,H,E,T,V,A,nondefluor
WP_178618037_1_D146A,,P,T,L,Y,V,P,R,P,L,E,Y,G,A,V,N,V,E,P,E,A,K,Y,D,H,E,T,V,A,nondefluor
WP_178618037_1_F147A,,P,T,L,Y,V,P,R,P,L,E,Y,G,A,V,N,V,E,P,E,A,K,Y,D,H,E,T,V,A,nondefluor
WP_178618037_1_I148A,,P,T,L,Y,V,P,R,P,L,E,Y,G,A,V,N,V,E,P,E,A,K,Y,D,H,E,T,V,A,nondefluor
WP_178618037_1_L149A,,P,T,L,Y,V,P,R,P,L,E,Y,G,A,V,N,V,E,P,E,A,K,Y,D,H,E,T,V,A,nondefluor
WP_178618037_1_A150H,,P,T,L,Y,V,P,R,P,L,E,Y,G,A,V,N,V,E,P,E,A,K,Y,D,H,E,T,V,A,nondefluor
WP_178618037_1_G151A,,P,T,L,Y,V,P,R,P,L,E,Y,G,A,V,N,V,E,P,E,A,K,Y,D,H,E,T,V,A,defluor
WP_178618037_1_Q152A,,P,T,L,Y,V,P,R,P,L,E,Y,G,A,V,N,V,E,P,E,A,K,Y,D,H,E,T,V,A,nondefluor
WP_178618037_1_F154A,,P,T,L,Y,V,P,R,P,L,E,Y,G,A,V,N,V,E,P,E,A,K,Y,D,H,E,T,V,A,nondefluor
WP_178618037_1_K156A,,P,T,L,Y,V,P,R,P,L,E,Y,G,A,V,N,V,E,P,E,A,K,Y,D,H,E,T,V,A,nondefluor
WP_178618037_1_F157A,,P,T,L,Y,V,P,R,P,L,E,Y,G,A,V,N,V,E,P,E,A,K,Y,D,H,E,T,V,A,nondefluor
WP_178618037_1_K158A,,P,T,L,Y,V,P,R,P,L,E,Y,G,A,V,N,V,E,P,E,A,K,Y,D,H,E,T,V,A,nondefluor
WP_178618037_1_P159A,,P,T,L,Y,V,P,R,P,L,E,Y,G,A,V,N,V,E,P,E,A,K,Y,D,H,E,T,V,A,nondefluor
WP_178618037_1_D160A,,P,T,L,Y,V,P,R,P,L,E,Y,G,A,V,N,V,E,P,E,A,K,Y,D,H,E,T,V,A,nondefluor
WP_178618037_1_P161A,,P,T,L,Y,V,P,R,P,L,E,Y,G,A,V,N,V,E,P,E,A,K,Y,D,H,E,T,V,A,nondefluor
WP_178618037_1_I163A,,P,T,L,Y,V,P,R,P,L,E,Y,G,A,V,N,V,E,P,E,A,K,Y,D,H,E,T,V,A,nondefluor
WP_178618037_1_Y164A,,P,T,L,Y,V,P,R,P,L,E,Y,G,A,V,N,V,E,P,E,A,K,Y,D,H,E,T,V,A,nondefluor
WP_178618037_1_E165A,,P,T,L,Y,V,P,R,P,L,E,Y,G,A,V,N,V,E,P,E,A,K,Y,D,H,E,T,V,A,defluor
WP_178618037_1_A167H,,P,T,L,Y,V,P,R,P,L,E,Y,G,A,V,N,V,E,P,E,A,K,Y,D,H,E,T,V,A,nondefluor
WP_178618037_1_V168A,,P,T,L,Y,V,P,R,P,L,E,Y,G,A,V,N,V,E,P,E,A,K,Y,D,H,E,T,V,A,nondefluor
WP_178618037_1_E169A,,P,T,L,Y,V,P,R,P,L,E,Y,G,A,V,N,V,E,P,E,A,K,Y,D,H,E,T,V,A,defluor
WP_178618037_1_L170A,,P,T,L,Y,V,P,R,P,L,E,Y,G,A,V,N,V,E,P,E,A,K,Y,D,H,E,T,V,A,nondefluor
WP_178618037_1_L171A,,P,T,L,Y,V,P,R,P,L,E,Y,G,A,V,N,V,E,P,E,A,K,Y,D,H,E,T,V,A,nondefluor
WP_178618037_1_G172A,,P,T,L,Y,V,P,R,P,L,E,Y,G,A,V,N,V,E,P,E,A,K,Y,D,H,E,T,V,A,nondefluor
WP_178618037_1_G173A,,P,T,L,Y,V,P,R,P,L,E,Y,G,A,V,N,V,E,P,E,A,K,Y,D,H,E,T,V,A,nondefluor
WP_178618037_1_R174A,,P,T,L,Y,V,P,R,P,L,E,Y,G,A,V,N,V,E,P,E,A,K,Y,D,H,E,T,V,A,defluor
WP_178618037_1_P175A,,P,T,L,Y,V,P,R,P,L,E,Y,G,A,V,N,V,E,P,E,A,K,Y,D,H,E,T,V,A,defluor
WP_178618037_1_E177A,,P,T,L,Y,V,P,R,P,L,E,Y,G,A,V,N,V,E,P,E,A,K,Y,D,H,E,T,V,A,nondefluor
WP_178618037_1_V178A,,P,T,L,Y,V,P,R,P,L,E,Y,G,A,V,N,V,E,P,E,A,K,Y,D,H,E,T,V,A,nondefluor
WP_178618037_1_M180A,,P,T,L,Y,V,P,R,P,L,E,Y,G,A,V,N,V,E,P,E,A,K,Y,D,H,E,T,V,A,nondefluor
WP_178618037_1_V181A,,P,T,L,Y,V,P,R,P,L,E,Y,G,A,V,N,V,E,P,E,A,K,Y,D,H,E,T,V,A,nondefluor
WP_178618037_1_A182H,,P,T,L,Y,V,P,R,P,L,E,Y,G,A,V,N,V,E,P,E,A,K,Y,D,H,E,T,V,A,nondefluor
WP_178618037_1_A183H,,P,T,L,Y,V,P,R,P,L,E,Y,G,A,V,N,V,E,P,E,A,K,Y,D,H,E,T,V,A,nondefluor
WP_178618037_1_H184A,,P,T,L,Y,V,P,R,P,L,E,Y,G,A,V,N,V,E,P,E,A,K,Y,D,H,E,T,V,A,nondefluor
WP_178618037_1_D187A,,P,T,L,Y,V,P,R,P,L,E,Y,G,A,V,N,V,E,P,E,A,K,Y,D,H,E,T,V,A,nondefluor
WP_178618037_1_L188A,,P,T,L,Y,V,P,R,P,L,E,Y,G,A,V,N,V,E,P,E,A,K,Y,D,H,E,T,V,A,nondefluor
WP_178618037_1_D189A,,P,T,L,Y,V,P,R,P,L,E,Y,G,A,V,N,V,E,P,E,A,K,Y,D,H,E,T,V,A,nondefluor
WP_178618037_1_A191H,,P,T,L,Y,V,P,R,P,L,E,Y,G,A,V,N,V,E,P,E,A,K,Y,D,H,E,T,V,A,nondefluor
WP_178618037_1_H192A,,P,T,L,Y,V,P,R,P,L,E,Y,G,A,V,N,V,E,P,E,A,K,Y,D,H,E,T,V,A,defluor
WP_178618037_1_A193H,,P,T,L,Y,V,P,R,P,L,E,Y,G,A,V,N,V,E,P,E,A,K,Y,D,H,E,T,V,A,defluor
WP_178618037_1_I194A,,P,T,L,Y,V,P,R,P,L,E,Y,G,A,V,N,V,E,P,E,A,K,Y,D,H,E,T,V,A,nondefluor
WP_178618037_1_G195A,,P,T,L,Y,V,P,R,P,L,E,Y,G,A,V,N,V,E,P,E,A,K,Y,D,H,E,T,V,A,nondefluor
WP_178618037_1_C196A,,P,T,L,Y,V,P,R,P,L,E,Y,G,A,V,N,V,E,P,E,A,K,Y,D,H,E,T,V,A,nondefluor
WP_178618037_1_T198A,,P,A,L,Y,V,P,R,P,L,E,Y,G,A,V,N,V,E,P,E,A,K,Y,D,H,E,T,V,A,nondefluor
WP_178618037_1_V201A,,P,T,L,Y,A,P,R,P,L,E,Y,G,A,V,N,V,E,P,E,A,K,Y,D,H,E,T,V,A,nondefluor
WP_178618037_1_P202A,,P,T,L,Y,V,A,R,P,L,E,Y,G,A,V,N,V,E,P,E,A,K,Y,D,H,E,T,V,A,nondefluor
WP_178618037_1_R203A,,P,T,L,Y,V,P,A,P,L,E,Y,G,A,V,N,V,E,P,E,A,K,Y,D,H,E,T,V,A,nondefluor
WP_178618037_1_L205A,,P,T,L,Y,V,P,R,P,A,E,Y,G,A,V,N,V,E,P,E,A,K,Y,D,H,E,T,V,A,defluor
WP_178618037_1_E206A,,P,T,L,Y,V,P,R,P,L,A,Y,G,A,V,N,V,E,P,E,A,K,Y,D,H,E,T,V,A,nondefluor
WP_178618037_1_Y207A,,P,T,L,Y,V,P,R,P,L,E,A,G,A,V,N,V,E,P,E,A,K,Y,D,H,E,T,V,A,nondefluor
WP_178618037_1_G208A,,P,T,L,Y,V,P,R,P,L,E,Y,A,A,V,N,V,E,P,E,A,K,Y,D,H,E,T,V,A,nondefluor
WP_178618037_1_V210A,,P,T,L,Y,V,P,R,P,L,E,Y,G,A,A,N,V,E,P,E,A,K,Y,D,H,E,T,V,A,defluor
WP_178618037_1_H213A,,P,T,L,Y,V,P,R,P,L,E,Y,G,A,V,N,V,E,P,E,A,K,Y,D,H,E,T,V,A,nondefluor
WP_178618037_1_E215A,,P,T,L,Y,V,P,R,P,L,E,Y,G,A,V,N,V,A,P,E,A,K,Y,D,H,E,T,V,A,nondefluor
WP_178618037_1_E217A,,P,T,L,Y,V,P,R,P,L,E,Y,G,A,V,N,V,E,P,A,A,K,Y,D,H,E,T,V,A,defluor
WP_178618037_1_Y220A,,P,T,L,Y,V,P,R,P,L,E,Y,G,A,V,N,V,E,P,E,A,K,A,D,H,E,T,V,A,nondefluor
WP_178618037_1_D221A,,P,T,L,Y,V,P,R,P,L,E,Y,G,A,V,N,V,E,P,E,A,K,Y,A,H,E,T,V,A,defluor
WP_178618037_1_H222A,,P,T,L,Y,V,P,R,P,L,E,Y,G,A,V,N,V,E,P,E,A,K,Y,D,A,E,T,V,A,nondefluor
WP_178618037_1_T224A,,P,T,L,Y,V,P,R,P,L,E,Y,G,A,V,N,V,E,P,E,A,K,Y,D,H,E,A,V,A,defluor
WP_178618037_1_D227A,,P,T,L,Y,V,P,R,P,L,E,Y,G,A,V,N,V,E,P,E,A,K,Y,D,H,E,T,V,A,nondefluor
WP_178618037_1_F228A,,P,T,L,Y,V,P,R,P,L,E,Y,G,A,V,N,V,E,P,E,A,K,Y,D,H,E,T,V,A,nondefluor
WP_178618037_1_E230A,,P,T,L,Y,V,P,R,P,L,E,Y,G,A,V,N,V,E,P,E,A,K,Y,D,H,E,T,V,A,defluor
WP_178618037_1_L231A,,P,T,L,Y,V,P,R,P,L,E,Y,G,A,V,N,V,E,P,E,A,K,Y,D,H,E,T,V,A,nondefluor
WP_178618037_1_A232H,,P,T,L,Y,V,P,R,P,L,E,Y,G,A,V,N,V,E,P,E,A,K,Y,D,H,E,T,V,A,nondefluor
WP_178618037_1_A233H,,P,T,L,Y,V,P,R,P,L,E,Y,G,A,V,N,V,E,P,E,A,K,Y,D,H,E,T,V,A,defluor
WP_178618037_1_R234A,,P,T,L,Y,V,P,R,P,L,E,Y,G,A,V,N,V,E,P,E,A,K,Y,D,H,E,T,V,A,defluor
WP_178618037_1_L235A,,P,T,L,Y,V,P,R,P,L,E,Y,G,A,V,N,V,E,P,E,A,K,Y,D,H,E,T,V,A,nondefluor
WP_178618037_1_G236A,,P,T,L,Y,V,P,R,P,L,E,Y,G,A,V,N,V,E,P,E,A,K,Y,D,H,E,T,V,A,nondefluor
WP_178618037_1_V237A,,P,T,L,Y,V,P,R,P,L,E,Y,G,A,V,N,V,E,P,E,A,K,Y,D,H,E,T,V,A,defluor
WP_118709078_1_D2A,,T,T,I,F,V,P,R,P,L,E,Y,G,P,K,V,D,E,P,G,G,E,Q,E,V,D,Y,V,L,nondefluor
WP_118709078_1_I3A,,T,T,I,F,V,P,R,P,L,E,Y,G,P,K,V,D,E,P,G,G,E,Q,E,V,D,Y,V,L,nondefluor
WP_118709078_1_S4A,,T,T,I,F,V,P,R,P,L,E,Y,G,P,K,V,D,E,P,G,G,E,Q,E,V,D,Y,V,L,nondefluor
WP_118709078_1_K5A,,T,T,I,F,V,P,R,P,L,E,Y,G,P,K,V,D,E,P,G,G,E,Q,E,V,D,Y,V,L,nondefluor
WP_118709078_1_T6A,,T,T,I,F,V,P,R,P,L,E,Y,G,P,K,V,D,E,P,G,G,E,Q,E,V,D,Y,V,L,nondefluor
WP_118709078_1_R7A,,T,T,I,F,V,P,R,P,L,E,Y,G,P,K,V,D,E,P,G,G,E,Q,E,V,D,Y,V,L,nondefluor
WP_118709078_1_Y8A,,T,T,I,F,V,P,R,P,L,E,Y,G,P,K,V,D,E,P,G,G,E,Q,E,V,D,Y,V,L,nondefluor
WP_118709078_1_I9A,,T,T,I,F,V,P,R,P,L,E,Y,G,P,K,V,D,E,P,G,G,E,Q,E,V,D,Y,V,L,nondefluor
WP_118709078_1_I10A,,T,T,I,F,V,P,R,P,L,E,Y,G,P,K,V,D,E,P,G,G,E,Q,E,V,D,Y,V,L,nondefluor
WP_118709078_1_F11A,,T,T,I,F,V,P,R,P,L,E,Y,G,P,K,V,D,E,P,G,G,E,Q,E,V,D,Y,V,L,nondefluor
WP_118709078_1_D12A,,T,T,I,F,V,P,R,P,L,E,Y,G,P,K,V,D,E,P,G,G,E,Q,E,V,D,Y,V,L,nondefluor
WP_118709078_1_T13A,,T,T,I,F,V,P,R,P,L,E,Y,G,P,K,V,D,E,P,G,G,E,Q,E,V,D,Y,V,L,nondefluor
WP_118709078_1_F14A,,T,T,I,F,V,P,R,P,L,E,Y,G,P,K,V,D,E,P,G,G,E,Q,E,V,D,Y,V,L,nondefluor
WP_118709078_1_G15A,,T,T,I,F,V,P,R,P,L,E,Y,G,P,K,V,D,E,P,G,G,E,Q,E,V,D,Y,V,L,nondefluor
WP_118709078_1_T16A,,T,T,I,F,V,P,R,P,L,E,Y,G,P,K,V,D,E,P,G,G,E,Q,E,V,D,Y,V,L,nondefluor
WP_118709078_1_V17A,,T,T,I,F,V,P,R,P,L,E,Y,G,P,K,V,D,E,P,G,G,E,Q,E,V,D,Y,V,L,nondefluor
WP_118709078_1_V18A,,T,T,I,F,V,P,R,P,L,E,Y,G,P,K,V,D,E,P,G,G,E,Q,E,V,D,Y,V,L,nondefluor
WP_118709078_1_D19A,,T,T,I,F,V,P,R,P,L,E,Y,G,P,K,V,D,E,P,G,G,E,Q,E,V,D,Y,V,L,nondefluor
WP_118709078_1_W20A,,T,T,I,F,V,P,R,P,L,E,Y,G,P,K,V,D,E,P,G,G,E,Q,E,V,D,Y,V,L,nondefluor
WP_118709078_1_H21A,,T,T,I,F,V,P,R,P,L,E,Y,G,P,K,V,D,E,P,G,G,E,Q,E,V,D,Y,V,L,nondefluor
WP_118709078_1_G22A,,T,T,I,F,V,P,R,P,L,E,Y,G,P,K,V,D,E,P,G,G,E,Q,E,V,D,Y,V,L,nondefluor
WP_118709078_1_S23A,,T,T,I,F,V,P,R,P,L,E,Y,G,P,K,V,D,E,P,G,G,E,Q,E,V,D,Y,V,L,nondefluor
WP_118709078_1_I24A,,T,T,I,F,V,P,R,P,L,E,Y,G,P,K,V,D,E,P,G,G,E,Q,E,V,D,Y,V,L,nondefluor
WP_118709078_1_V25A,,T,T,I,F,V,P,R,P,L,E,Y,G,P,K,V,D,E,P,G,G,E,Q,E,V,D,Y,V,L,nondefluor
WP_118709078_1_S26A,,T,T,I,F,V,P,R,P,L,E,Y,G,P,K,V,D,E,P,G,G,E,Q,E,V,D,Y,V,L,nondefluor
WP_118709078_1_Q27A,,T,T,I,F,V,P,R,P,L,E,Y,G,P,K,V,D,E,P,G,G,E,Q,E,V,D,Y,V,L,nondefluor
WP_118709078_1_G28A,,T,T,I,F,V,P,R,P,L,E,Y,G,P,K,V,D,E,P,G,G,E,Q,E,V,D,Y,V,L,nondefluor
WP_118709078_1_Q29A,,T,T,I,F,V,P,R,P,L,E,Y,G,P,K,V,D,E,P,G,G,E,Q,E,V,D,Y,V,L,nondefluor
WP_118709078_1_A30H,,T,T,I,F,V,P,R,P,L,E,Y,G,P,K,V,D,E,P,G,G,E,Q,E,V,D,Y,V,L,nondefluor
WP_118709078_1_L31A,,T,T,I,F,V,P,R,P,L,E,Y,G,P,K,V,D,E,P,G,G,E,Q,E,V,D,Y,V,L,nondefluor
WP_118709078_1_N32A,,T,T,I,F,V,P,R,P,L,E,Y,G,P,K,V,D,E,P,G,G,E,Q,E,V,D,Y,V,L,nondefluor
WP_118709078_1_E33A,,T,T,I,F,V,P,R,P,L,E,Y,G,P,K,V,D,E,P,G,G,E,Q,E,V,D,Y,V,L,nondefluor
WP_118709078_1_K34A,,T,T,I,F,V,P,R,P,L,E,Y,G,P,K,V,D,E,P,G,G,E,Q,E,V,D,Y,V,L,nondefluor
WP_118709078_1_Y35A,,T,T,I,F,V,P,R,P,L,E,Y,G,P,K,V,D,E,P,G,G,E,Q,E,V,D,Y,V,L,nondefluor
WP_118709078_1_S36A,,T,T,I,F,V,P,R,P,L,E,Y,G,P,K,V,D,E,P,G,G,E,Q,E,V,D,Y,V,L,nondefluor
WP_118709078_1_L37A,,T,T,I,F,V,P,R,P,L,E,Y,G,P,K,V,D,E,P,G,G,E,Q,E,V,D,Y,V,L,nondefluor
WP_118709078_1_D38A,,T,T,I,F,V,P,R,P,L,E,Y,G,P,K,V,D,E,P,G,G,E,Q,E,V,D,Y,V,L,nondefluor
WP_118709078_1_L39A,,T,T,I,F,V,P,R,P,L,E,Y,G,P,K,V,D,E,P,G,G,E,Q,E,V,D,Y,V,L,nondefluor
WP_118709078_1_D40A,,T,T,I,F,V,P,R,P,L,E,Y,G,P,K,V,D,E,P,G,G,E,Q,E,V,D,Y,V,L,nondefluor
WP_118709078_1_W41A,,T,T,I,F,V,P,R,P,L,E,Y,G,P,K,V,D,E,P,G,G,E,Q,E,V,D,Y,V,L,nondefluor
WP_118709078_1_D42A,,T,T,I,F,V,P,R,P,L,E,Y,G,P,K,V,D,E,P,G,G,E,Q,E,V,D,Y,V,L,nondefluor
WP_118709078_1_E43A,,T,T,I,F,V,P,R,P,L,E,Y,G,P,K,V,D,E,P,G,G,E,Q,E,V,D,Y,V,L,nondefluor
WP_118709078_1_F44A,,T,T,I,F,V,P,R,P,L,E,Y,G,P,K,V,D,E,P,G,G,E,Q,E,V,D,Y,V,L,nondefluor
WP_118709078_1_A45H,,T,T,I,F,V,P,R,P,L,E,Y,G,P,K,V,D,E,P,G,G,E,Q,E,V,D,Y,V,L,nondefluor
WP_118709078_1_N46A,,T,T,I,F,V,P,R,P,L,E,Y,G,P,K,V,D,E,P,G,G,E,Q,E,V,D,Y,V,L,nondefluor
WP_118709078_1_G47A,,T,T,I,F,V,P,R,P,L,E,Y,G,P,K,V,D,E,P,G,G,E,Q,E,V,D,Y,V,L,nondefluor
WP_118709078_1_W48A,,T,T,I,F,V,P,R,P,L,E,Y,G,P,K,V,D,E,P,G,G,E,Q,E,V,D,Y,V,L,nondefluor
WP_118709078_1_R49A,,T,T,I,F,V,P,R,P,L,E,Y,G,P,K,V,D,E,P,G,G,E,Q,E,V,D,Y,V,L,nondefluor
WP_118709078_1_N50A,,T,T,I,F,V,P,R,P,L,E,Y,G,P,K,V,D,E,P,G,G,E,Q,E,V,D,Y,V,L,nondefluor
WP_118709078_1_D51A,,T,T,I,F,V,P,R,P,L,E,Y,G,P,K,V,D,E,P,G,G,E,Q,E,V,D,Y,V,L,nondefluor
WP_118709078_1_G52A,,T,T,I,F,V,P,R,P,L,E,Y,G,P,K,V,D,E,P,G,G,E,Q,E,V,D,Y,V,L,nondefluor
WP_118709078_1_Y53A,,T,T,I,F,V,P,R,P,L,E,Y,G,P,K,V,D,E,P,G,G,E,Q,E,V,D,Y,V,L,nondefluor
WP_118709078_1_I54A,,T,T,I,F,V,P,R,P,L,E,Y,G,P,K,V,D,E,P,G,G,E,Q,E,V,D,Y,V,L,nondefluor
WP_118709078_1_K55A,,T,T,I,F,V,P,R,P,L,E,Y,G,P,K,V,D,E,P,G,G,E,Q,E,V,D,Y,V,L,nondefluor
WP_118709078_1_A56V,,T,T,I,F,V,P,R,P,L,E,Y,G,P,K,V,D,E,P,G,G,E,Q,E,V,D,Y,V,L,nondefluor
WP_118709078_1_M57A,,T,T,I,F,V,P,R,P,L,E,Y,G,P,K,V,D,E,P,G,G,E,Q,E,V,D,Y,V,L,nondefluor
WP_118709078_1_F58A,,T,T,I,F,V,P,R,P,L,E,Y,G,P,K,V,D,E,P,G,G,E,Q,E,V,D,Y,V,L,nondefluor
WP_118709078_1_D59A,,T,T,I,F,V,P,R,P,L,E,Y,G,P,K,V,D,E,P,G,G,E,Q,E,V,D,Y,V,L,nondefluor
WP_118709078_1_I60A,,T,T,I,F,V,P,R,P,L,E,Y,G,P,K,V,D,E,P,G,G,E,Q,E,V,D,Y,V,L,nondefluor
WP_118709078_1_A61H,,T,T,I,F,V,P,R,P,L,E,Y,G,P,K,V,D,E,P,G,G,E,Q,E,V,D,Y,V,L,nondefluor
WP_118709078_1_H62A,,T,T,I,F,V,P,R,P,L,E,Y,G,P,K,V,D,E,P,G,G,E,Q,E,V,D,Y,V,L,nondefluor
WP_118709078_1_G63A,,T,T,I,F,V,P,R,P,L,E,Y,G,P,K,V,D,E,P,G,G,E,Q,E,V,D,Y,V,L,nondefluor
WP_118709078_1_K64A,,T,T,I,F,V,P,R,P,L,E,Y,G,P,K,V,D,E,P,G,G,E,Q,E,V,D,Y,V,L,nondefluor
WP_118709078_1_R65A,,T,T,I,F,V,P,R,P,L,E,Y,G,P,K,V,D,E,P,G,G,E,Q,E,V,D,Y,V,L,nondefluor
WP_118709078_1_E66A,,T,T,I,F,V,P,R,P,L,E,Y,G,P,K,V,D,E,P,G,G,E,Q,E,V,D,Y,V,L,nondefluor
WP_118709078_1_W67A,,T,T,I,F,V,P,R,P,L,E,Y,G,P,K,V,D,E,P,G,G,E,Q,E,V,D,Y,V,L,nondefluor
WP_118709078_1_V68A,,T,T,I,F,V,P,R,P,L,E,Y,G,P,K,V,D,E,P,G,G,E,Q,E,V,D,Y,V,L,nondefluor
WP_118709078_1_P69A,,T,T,I,F,V,P,R,P,L,E,Y,G,P,K,V,D,E,P,G,G,E,Q,E,V,D,Y,V,L,nondefluor
WP_118709078_1_A70V,,T,T,I,F,V,P,R,P,L,E,Y,G,P,K,V,D,E,P,G,G,E,Q,E,V,D,Y,V,L,nondefluor
WP_118709078_1_D71A,,T,T,I,F,V,P,R,P,L,E,Y,G,P,K,V,D,E,P,G,G,E,Q,E,V,D,Y,V,L,nondefluor
WP_118709078_1_T72A,,T,T,I,F,V,P,R,P,L,E,Y,G,P,K,V,D,E,P,G,G,E,Q,E,V,D,Y,V,L,nondefluor
WP_118709078_1_V73A,,T,T,I,F,V,P,R,P,L,E,Y,G,P,K,V,D,E,P,G,G,E,Q,E,V,D,Y,V,L,nondefluor
WP_118709078_1_H74A,,T,T,I,F,V,P,R,P,L,E,Y,G,P,K,V,D,E,P,G,G,E,Q,E,V,D,Y,V,L,nondefluor
WP_118709078_1_M75A,,T,T,I,F,V,P,R,P,L,E,Y,G,P,K,V,D,E,P,G,G,E,Q,E,V,D,Y,V,L,nondefluor
WP_118709078_1_E76A,,T,T,I,F,V,P,R,P,L,E,Y,G,P,K,V,D,E,P,G,G,E,Q,E,V,D,Y,V,L,nondefluor
WP_118709078_1_Y77A,,T,T,I,F,V,P,R,P,L,E,Y,G,P,K,V,D,E,P,G,G,E,Q,E,V,D,Y,V,L,nondefluor
WP_118709078_1_L78A,,T,T,I,F,V,P,R,P,L,E,Y,G,P,K,V,D,E,P,G,G,E,Q,E,V,D,Y,V,L,nondefluor
WP_118709078_1_D79A,,T,T,I,F,V,P,R,P,L,E,Y,G,P,K,V,D,E,P,G,G,E,Q,E,V,D,Y,V,L,nondefluor
WP_118709078_1_S80A,,T,T,I,F,V,P,R,P,L,E,Y,G,P,K,V,D,E,P,G,G,E,Q,E,V,D,Y,V,L,nondefluor
WP_118709078_1_R81A,,T,T,I,F,V,P,R,P,L,E,Y,G,P,K,V,D,E,P,G,G,E,Q,E,V,D,Y,V,L,nondefluor
WP_118709078_1_S82A,,T,T,I,F,V,P,R,P,L,E,Y,G,P,K,V,D,E,P,G,G,E,Q,E,V,D,Y,V,L,nondefluor
WP_118709078_1_G83A,,T,T,I,F,V,P,R,P,L,E,Y,G,P,K,V,D,E,P,G,G,E,Q,E,V,D,Y,V,L,nondefluor
WP_118709078_1_E84A,,T,T,I,F,V,P,R,P,L,E,Y,G,P,K,V,D,E,P,G,G,E,Q,E,V,D,Y,V,L,nondefluor
WP_118709078_1_C85A,,T,T,I,F,V,P,R,P,L,E,Y,G,P,K,V,D,E,P,G,G,E,Q,E,V,D,Y,V,L,nondefluor
WP_118709078_1_G86A,,T,T,I,F,V,P,R,P,L,E,Y,G,P,K,V,D,E,P,G,G,E,Q,E,V,D,Y,V,L,nondefluor
WP_118709078_1_L87A,,T,T,I,F,V,P,R,P,L,E,Y,G,P,K,V,D,E,P,G,G,E,Q,E,V,D,Y,V,L,nondefluor
WP_118709078_1_D88A,,T,T,I,F,V,P,R,P,L,E,Y,G,P,K,V,D,E,P,G,G,E,Q,E,V,D,Y,V,L,nondefluor
WP_118709078_1_V89A,,T,T,I,F,V,P,R,P,L,E,Y,G,P,K,V,D,E,P,G,G,E,Q,E,V,D,Y,V,L,nondefluor
WP_118709078_1_L90A,,T,T,I,F,V,P,R,P,L,E,Y,G,P,K,V,D,E,P,G,G,E,Q,E,V,D,Y,V,L,nondefluor
WP_118709078_1_S91A,,T,T,I,F,V,P,R,P,L,E,Y,G,P,K,V,D,E,P,G,G,E,Q,E,V,D,Y,V,L,nondefluor
WP_118709078_1_E92A,,T,T,I,F,V,P,R,P,L,E,Y,G,P,K,V,D,E,P,G,G,E,Q,E,V,D,Y,V,L,nondefluor
WP_118709078_1_E93A,,T,T,I,F,V,P,R,P,L,E,Y,G,P,K,V,D,E,P,G,G,E,Q,E,V,D,Y,V,L,nondefluor
WP_118709078_1_D94A,,T,T,I,F,V,P,R,P,L,E,Y,G,P,K,V,D,E,P,G,G,E,Q,E,V,D,Y,V,L,nondefluor
WP_118709078_1_Y95A,,T,T,I,F,V,P,R,P,L,E,Y,G,P,K,V,D,E,P,G,G,E,Q,E,V,D,Y,V,L,nondefluor
WP_118709078_1_E96A,,T,T,I,F,V,P,R,P,L,E,Y,G,P,K,V,D,E,P,G,G,E,Q,E,V,D,Y,V,L,nondefluor
WP_118709078_1_N97A,,T,T,I,F,V,P,R,P,L,E,Y,G,P,K,V,D,E,P,G,G,E,Q,E,V,D,Y,V,L,nondefluor
WP_118709078_1_L98A,,T,T,I,F,V,P,R,P,L,E,Y,G,P,K,V,D,E,P,G,G,E,Q,E,V,D,Y,V,L,nondefluor
WP_118709078_1_G99A,,T,T,I,F,V,P,R,P,L,E,Y,G,P,K,V,D,E,P,G,G,E,Q,E,V,D,Y,V,L,nondefluor
WP_118709078_1_K100A,,T,T,I,F,V,P,R,P,L,E,Y,G,P,K,V,D,E,P,G,G,E,Q,E,V,D,Y,V,L,nondefluor
WP_118709078_1_I101A,,T,T,I,F,V,P,R,P,L,E,Y,G,P,K,V,D,E,P,G,G,E,Q,E,V,D,Y,V,L,nondefluor
WP_118709078_1_W102A,,T,T,I,F,V,P,R,P,L,E,Y,G,P,K,V,D,E,P,G,G,E,Q,E,V,D,Y,V,L,nondefluor
WP_118709078_1_H103A,,T,T,I,F,V,P,R,P,L,E,Y,G,P,K,V,D,E,P,G,G,E,Q,E,V,D,Y,V,L,nondefluor
WP_118709078_1_R104A,,T,T,I,F,V,P,R,P,L,E,Y,G,P,K,V,D,E,P,G,G,E,Q,E,V,D,Y,V,L,nondefluor
WP_118709078_1_L105A,,T,T,I,F,V,P,R,P,L,E,Y,G,P,K,V,D,E,P,G,G,E,Q,E,V,D,Y,V,L,nondefluor
WP_118709078_1_S106A,,T,T,I,F,V,P,R,P,L,E,Y,G,P,K,V,D,E,P,G,G,E,Q,E,V,D,Y,V,L,nondefluor
WP_118709078_1_P107A,,T,T,I,F,V,P,R,P,L,E,Y,G,P,K,V,D,E,P,G,G,E,Q,E,V,D,Y,V,L,nondefluor
WP_118709078_1_W108A,,T,T,I,F,V,P,R,P,L,E,Y,G,P,K,V,D,E,P,G,G,E,Q,E,V,D,Y,V,L,nondefluor
WP_118709078_1_P109A,,T,T,I,F,V,P,R,P,L,E,Y,G,P,K,V,D,E,P,G,G,E,Q,E,V,D,Y,V,L,nondefluor
WP_118709078_1_D110A,,T,T,I,F,V,P,R,P,L,E,Y,G,P,K,V,D,E,P,G,G,E,Q,E,V,D,Y,V,L,nondefluor
WP_118709078_1_V111A,,T,T,I,F,V,P,R,P,L,E,Y,G,P,K,V,D,E,P,G,G,E,Q,E,V,D,Y,V,L,nondefluor
WP_118709078_1_L112A,,T,T,I,F,V,P,R,P,L,E,Y,G,P,K,V,D,E,P,G,G,E,Q,E,V,D,Y,V,L,nondefluor
WP_118709078_1_E113A,,T,T,I,F,V,P,R,P,L,E,Y,G,P,K,V,D,E,P,G,G,E,Q,E,V,D,Y,V,L,nondefluor
WP_118709078_1_G114A,,T,T,I,F,V,P,R,P,L,E,Y,G,P,K,V,D,E,P,G,G,E,Q,E,V,D,Y,V,L,nondefluor
WP_118709078_1_L115A,,T,T,I,F,V,P,R,P,L,E,Y,G,P,K,V,D,E,P,G,G,E,Q,E,V,D,Y,V,L,nondefluor
WP_118709078_1_N116A,,T,T,I,F,V,P,R,P,L,E,Y,G,P,K,V,D,E,P,G,G,E,Q,E,V,D,Y,V,L,nondefluor
WP_118709078_1_R117A,,T,T,I,F,V,P,R,P,L,E,Y,G,P,K,V,D,E,P,G,G,E,Q,E,V,D,Y,V,L,nondefluor
WP_118709078_1_L118A,,T,T,I,F,V,P,R,P,L,E,Y,G,P,K,V,D,E,P,G,G,E,Q,E,V,D,Y,V,L,nondefluor
WP_118709078_1_K119A,,T,T,I,F,V,P,R,P,L,E,Y,G,P,K,V,D,E,P,G,G,E,Q,E,V,D,Y,V,L,nondefluor
WP_118709078_1_T120A,,T,T,I,F,V,P,R,P,L,E,Y,G,P,K,V,D,E,P,G,G,E,Q,E,V,D,Y,V,L,nondefluor
WP_118709078_1_R121A,,T,T,I,F,V,P,R,P,L,E,Y,G,P,K,V,D,E,P,G,G,E,Q,E,V,D,Y,V,L,nondefluor
WP_118709078_1_Y122A,,T,T,I,F,V,P,R,P,L,E,Y,G,P,K,V,D,E,P,G,G,E,Q,E,V,D,Y,V,L,nondefluor
WP_118709078_1_A123S,,T,T,I,F,V,P,R,P,L,E,Y,G,P,K,V,D,E,P,G,G,E,Q,E,V,D,Y,V,L,nondefluor
WP_118709078_1_I124A,,T,T,I,F,V,P,R,P,L,E,Y,G,P,K,V,D,E,P,G,G,E,Q,E,V,D,Y,V,L,nondefluor
WP_118709078_1_G125A,,T,T,I,F,V,P,R,P,L,E,Y,G,P,K,V,D,E,P,G,G,E,Q,E,V,D,Y,V,L,nondefluor
WP_118709078_1_P126A,,T,T,I,F,V,P,R,P,L,E,Y,G,P,K,V,D,E,P,G,G,E,Q,E,V,D,Y,V,L,nondefluor
WP_118709078_1_F127A,,T,T,I,F,V,P,R,P,L,E,Y,G,P,K,V,D,E,P,G,G,E,Q,E,V,D,Y,V,L,nondefluor
WP_118709078_1_S128A,,T,T,I,F,V,P,R,P,L,E,Y,G,P,K,V,D,E,P,G,G,E,Q,E,V,D,Y,V,L,nondefluor
WP_118709078_1_N129A,,T,T,I,F,V,P,R,P,L,E,Y,G,P,K,V,D,E,P,G,G,E,Q,E,V,D,Y,V,L,nondefluor
WP_118709078_1_G130A,,T,T,I,F,V,P,R,P,L,E,Y,G,P,K,V,D,E,P,G,G,E,Q,E,V,D,Y,V,L,nondefluor
WP_118709078_1_D131A,,T,T,I,F,V,P,R,P,L,E,Y,G,P,K,V,D,E,P,G,G,E,Q,E,V,D,Y,V,L,nondefluor
WP_118709078_1_F132A,,T,T,I,F,V,P,R,P,L,E,Y,G,P,K,V,D,E,P,G,G,E,Q,E,V,D,Y,V,L,nondefluor
WP_118709078_1_N133A,,T,T,I,F,V,P,R,P,L,E,Y,G,P,K,V,D,E,P,G,G,E,Q,E,V,D,Y,V,L,nondefluor
WP_118709078_1_L134A,,T,T,I,F,V,P,R,P,L,E,Y,G,P,K,V,D,E,P,G,G,E,Q,E,V,D,Y,V,L,nondefluor
WP_118709078_1_M135A,,T,T,I,F,V,P,R,P,L,E,Y,G,P,K,V,D,E,P,G,G,E,Q,E,V,D,Y,V,L,nondefluor
WP_118709078_1_I136A,,T,T,I,F,V,P,R,P,L,E,Y,G,P,K,V,D,E,P,G,G,E,Q,E,V,D,Y,V,L,nondefluor
WP_118709078_1_D137A,,T,T,I,F,V,P,R,P,L,E,Y,G,P,K,V,D,E,P,G,G,E,Q,E,V,D,Y,V,L,nondefluor
WP_118709078_1_I138A,,T,T,I,F,V,P,R,P,L,E,Y,G,P,K,V,D,E,P,G,G,E,Q,E,V,D,Y,V,L,nondefluor
WP_118709078_1_E139A,,T,T,I,F,V,P,R,P,L,E,Y,G,P,K,V,D,E,P,G,G,E,Q,E,V,D,Y,V,L,nondefluor
WP_118709078_1_K140A,,T,T,I,F,V,P,R,P,L,E,Y,G,P,K,V,D,E,P,G,G,E,Q,E,V,D,Y,V,L,nondefluor
WP_118709078_1_A141G,,T,T,I,F,V,P,R,P,L,E,Y,G,P,K,V,D,E,P,G,G,E,Q,E,V,D,Y,V,L,nondefluor
WP_118709078_1_A142S,,T,T,I,F,V,P,R,P,L,E,Y,G,P,K,V,D,E,P,G,G,E,Q,E,V,D,Y,V,L,nondefluor
WP_118709078_1_G143A,,T,T,I,F,V,P,R,P,L,E,Y,G,P,K,V,D,E,P,G,G,E,Q,E,V,D,Y,V,L,nondefluor
WP_118709078_1_L144A,,T,T,I,F,V,P,R,P,L,E,Y,G,P,K,V,D,E,P,G,G,E,Q,E,V,D,Y,V,L,nondefluor
WP_118709078_1_P145A,,T,T,I,F,V,P,R,P,L,E,Y,G,P,K,V,D,E,P,G,G,E,Q,E,V,D,Y,V,L,nondefluor
WP_118709078_1_W146A,,T,T,I,F,V,P,R,P,L,E,Y,G,P,K,V,D,E,P,G,G,E,Q,E,V,D,Y,V,L,nondefluor
WP_118709078_1_D147A,,T,T,I,F,V,P,R,P,L,E,Y,G,P,K,V,D,E,P,G,G,E,Q,E,V,D,Y,V,L,nondefluor
WP_118709078_1_F148A,,T,T,I,F,V,P,R,P,L,E,Y,G,P,K,V,D,E,P,G,G,E,Q,E,V,D,Y,V,L,nondefluor
WP_118709078_1_I149A,,T,T,I,F,V,P,R,P,L,E,Y,G,P,K,V,D,E,P,G,G,E,Q,E,V,D,Y,V,L,nondefluor
WP_118709078_1_T150A,,T,T,I,F,V,P,R,P,L,E,Y,G,P,K,V,D,E,P,G,G,E,Q,E,V,D,Y,V,L,nondefluor
WP_118709078_1_T151A,,T,T,I,F,V,P,R,P,L,E,Y,G,P,K,V,D,E,P,G,G,E,Q,E,V,D,Y,V,L,nondefluor
WP_118709078_1_G152A,,T,T,I,F,V,P,R,P,L,E,Y,G,P,K,V,D,E,P,G,G,E,Q,E,V,D,Y,V,L,nondefluor
WP_118709078_1_D153A,,T,T,I,F,V,P,R,P,L,E,Y,G,P,K,V,D,E,P,G,G,E,Q,E,V,D,Y,V,L,nondefluor
WP_118709078_1_L154A,,T,T,I,F,V,P,R,P,L,E,Y,G,P,K,V,D,E,P,G,G,E,Q,E,V,D,Y,V,L,nondefluor
WP_118709078_1_F155A,,T,T,I,F,V,P,R,P,L,E,Y,G,P,K,V,D,E,P,G,G,E,Q,E,V,D,Y,V,L,nondefluor
WP_118709078_1_Q156A,,T,T,I,F,V,P,R,P,L,E,Y,G,P,K,V,D,E,P,G,G,E,Q,E,V,D,Y,V,L,nondefluor
WP_118709078_1_K157A,,T,T,I,F,V,P,R,P,L,E,Y,G,P,K,V,D,E,P,G,G,E,Q,E,V,D,Y,V,L,nondefluor
WP_118709078_1_F158A,,T,T,I,F,V,P,R,P,L,E,Y,G,P,K,V,D,E,P,G,G,E,Q,E,V,D,Y,V,L,nondefluor
WP_118709078_1_K159A,,T,T,I,F,V,P,R,P,L,E,Y,G,P,K,V,D,E,P,G,G,E,Q,E,V,D,Y,V,L,nondefluor
WP_118709078_1_P160A,,T,T,I,F,V,P,R,P,L,E,Y,G,P,K,V,D,E,P,G,G,E,Q,E,V,D,Y,V,L,nondefluor
WP_118709078_1_N161A,,T,T,I,F,V,P,R,P,L,E,Y,G,P,K,V,D,E,P,G,G,E,Q,E,V,D,Y,V,L,nondefluor
WP_118709078_1_P162A,,T,T,I,F,V,P,R,P,L,E,Y,G,P,K,V,D,E,P,G,G,E,Q,E,V,D,Y,V,L,nondefluor
WP_118709078_1_E163A,,T,T,I,F,V,P,R,P,L,E,Y,G,P,K,V,D,E,P,G,G,E,Q,E,V,D,Y,V,L,nondefluor
WP_118709078_1_V164A,,T,T,I,F,V,P,R,P,L,E,Y,G,P,K,V,D,E,P,G,G,E,Q,E,V,D,Y,V,L,nondefluor
WP_118709078_1_Y165A,,T,T,I,F,V,P,R,P,L,E,Y,G,P,K,V,D,E,P,G,G,E,Q,E,V,D,Y,V,L,nondefluor
WP_118709078_1_V166A,,T,T,I,F,V,P,R,P,L,E,Y,G,P,K,V,D,E,P,G,G,E,Q,E,V,D,Y,V,L,nondefluor
WP_118709078_1_D167A,,T,T,I,F,V,P,R,P,L,E,Y,G,P,K,V,D,E,P,G,G,E,Q,E,V,D,Y,V,L,nondefluor
WP_118709078_1_E168A,,T,T,I,F,V,P,R,P,L,E,Y,G,P,K,V,D,E,P,G,G,E,Q,E,V,D,Y,V,L,nondefluor
WP_118709078_1_I169A,,T,T,I,F,V,P,R,P,L,E,Y,G,P,K,V,D,E,P,G,G,E,Q,E,V,D,Y,V,L,nondefluor
WP_118709078_1_N170A,,T,T,I,F,V,P,R,P,L,E,Y,G,P,K,V,D,E,P,G,G,E,Q,E,V,D,Y,V,L,nondefluor
WP_118709078_1_L171A,,T,T,I,F,V,P,R,P,L,E,Y,G,P,K,V,D,E,P,G,G,E,Q,E,V,D,Y,V,L,nondefluor
WP_118709078_1_L172A,,T,T,I,F,V,P,R,P,L,E,Y,G,P,K,V,D,E,P,G,G,E,Q,E,V,D,Y,V,L,nondefluor
WP_118709078_1_G173A,,T,T,I,F,V,P,R,P,L,E,Y,G,P,K,V,D,E,P,G,G,E,Q,E,V,D,Y,V,L,nondefluor
WP_118709078_1_A174G,,T,T,I,F,V,P,R,P,L,E,Y,G,P,K,V,D,E,P,G,G,E,Q,E,V,D,Y,V,L,nondefluor
WP_118709078_1_R175A,,T,T,I,F,V,P,R,P,L,E,Y,G,P,K,V,D,E,P,G,G,E,Q,E,V,D,Y,V,L,nondefluor
WP_118709078_1_P176A,,T,T,I,F,V,P,R,P,L,E,Y,G,P,K,V,D,E,P,G,G,E,Q,E,V,D,Y,V,L,nondefluor
WP_118709078_1_E177A,,T,T,I,F,V,P,R,P,L,E,Y,G,P,K,V,D,E,P,G,G,E,Q,E,V,D,Y,V,L,nondefluor
WP_118709078_1_E178A,,T,T,I,F,V,P,R,P,L,E,Y,G,P,K,V,D,E,P,G,G,E,Q,E,V,D,Y,V,L,nondefluor
WP_118709078_1_V179A,,T,T,I,F,V,P,R,P,L,E,Y,G,P,K,V,D,E,P,G,G,E,Q,E,V,D,Y,V,L,nondefluor
WP_118709078_1_A180H,,T,T,I,F,V,P,R,P,L,E,Y,G,P,K,V,D,E,P,G,G,E,Q,E,V,D,Y,V,L,nondefluor
WP_118709078_1_M181A,,T,T,I,F,V,P,R,P,L,E,Y,G,P,K,V,D,E,P,G,G,E,Q,E,V,D,Y,V,L,nondefluor
WP_118709078_1_V182A,,T,T,I,F,V,P,R,P,L,E,Y,G,P,K,V,D,E,P,G,G,E,Q,E,V,D,Y,V,L,nondefluor
WP_118709078_1_A183H,,T,T,I,F,V,P,R,P,L,E,Y,G,P,K,V,D,E,P,G,G,E,Q,E,V,D,Y,V,L,nondefluor
WP_118709078_1_A184H,,T,T,I,F,V,P,R,P,L,E,Y,G,P,K,V,D,E,P,G,G,E,Q,E,V,D,Y,V,L,nondefluor
WP_118709078_1_H185A,,T,T,I,F,V,P,R,P,L,E,Y,G,P,K,V,D,E,P,G,G,E,Q,E,V,D,Y,V,L,nondefluor
WP_118709078_1_P186A,,T,T,I,F,V,P,R,P,L,E,Y,G,P,K,V,D,E,P,G,G,E,Q,E,V,D,Y,V,L,nondefluor
WP_118709078_1_S187A,,T,T,I,F,V,P,R,P,L,E,Y,G,P,K,V,D,E,P,G,G,E,Q,E,V,D,Y,V,L,nondefluor
WP_118709078_1_D188A,,T,T,I,F,V,P,R,P,L,E,Y,G,P,K,V,D,E,P,G,G,E,Q,E,V,D,Y,V,L,nondefluor
WP_118709078_1_L189A,,T,T,I,F,V,P,R,P,L,E,Y,G,P,K,V,D,E,P,G,G,E,Q,E,V,D,Y,V,L,nondefluor
WP_118709078_1_D190A,,T,T,I,F,V,P,R,P,L,E,Y,G,P,K,V,D,E,P,G,G,E,Q,E,V,D,Y,V,L,nondefluor
WP_118709078_1_G191A,,T,T,I,F,V,P,R,P,L,E,Y,G,P,K,V,D,E,P,G,G,E,Q,E,V,D,Y,V,L,nondefluor
WP_118709078_1_A192H,,T,T,I,F,V,P,R,P,L,E,Y,G,P,K,V,D,E,P,G,G,E,Q,E,V,D,Y,V,L,nondefluor
WP_118709078_1_K193A,,T,T,I,F,V,P,R,P,L,E,Y,G,P,K,V,D,E,P,G,G,E,Q,E,V,D,Y,V,L,nondefluor
WP_118709078_1_L194A,,T,T,I,F,V,P,R,P,L,E,Y,G,P,K,V,D,E,P,G,G,E,Q,E,V,D,Y,V,L,nondefluor
WP_118709078_1_A195I,,T,T,I,F,V,P,R,P,L,E,Y,G,P,K,V,D,E,P,G,G,E,Q,E,V,D,Y,V,L,nondefluor
WP_118709078_1_G196A,,T,T,I,F,V,P,R,P,L,E,Y,G,P,K,V,D,E,P,G,G,E,Q,E,V,D,Y,V,L,nondefluor
WP_118709078_1_C197A,,T,T,I,F,V,P,R,P,L,E,Y,G,P,K,V,D,E,P,G,G,E,Q,E,V,D,Y,V,L,nondefluor
WP_118709078_1_T198A,,A,T,I,F,V,P,R,P,L,E,Y,G,P,K,V,D,E,P,G,G,E,Q,E,V,D,Y,V,L,nondefluor
WP_118709078_1_T199A,,T,A,I,F,V,P,R,P,L,E,Y,G,P,K,V,D,E,P,G,G,E,Q,E,V,D,Y,V,L,nondefluor
WP_118709078_1_I200A,,T,T,A,F,V,P,R,P,L,E,Y,G,P,K,V,D,E,P,G,G,E,Q,E,V,D,Y,V,L,nondefluor
WP_118709078_1_F201A,,T,T,I,A,V,P,R,P,L,E,Y,G,P,K,V,D,E,P,G,G,E,Q,E,V,D,Y,V,L,nondefluor
WP_118709078_1_V202A,,T,T,I,F,A,P,R,P,L,E,Y,G,P,K,V,D,E,P,G,G,E,Q,E,V,D,Y,V,L,nondefluor
WP_118709078_1_P203A,,T,T,I,F,V,A,R,P,L,E,Y,G,P,K,V,D,E,P,G,G,E,Q,E,V,D,Y,V,L,nondefluor
WP_118709078_1_R204A,,T,T,I,F,V,P,A,P,L,E,Y,G,P,K,V,D,E,P,G,G,E,Q,E,V,D,Y,V,L,nondefluor
WP_118709078_1_P205A,,T,T,I,F,V,P,R,A,L,E,Y,G,P,K,V,D,E,P,G,G,E,Q,E,V,D,Y,V,L,nondefluor
WP_118709078_1_L206A,,T,T,I,F,V,P,R,P,A,E,Y,G,P,K,V,D,E,P,G,G,E,Q,E,V,D,Y,V,L,nondefluor
WP_118709078_1_E207A,,T,T,I,F,V,P,R,P,L,A,Y,G,P,K,V,D,E,P,G,G,E,Q,E,V,D,Y,V,L,nondefluor
WP_118709078_1_Y208A,,T,T,I,F,V,P,R,P,L,E,A,G,P,K,V,D,E,P,G,G,E,Q,E,V,D,Y,V,L,nondefluor
WP_118709078_1_G209A,,T,T,I,F,V,P,R,P,L,E,Y,A,P,K,V,D,E,P,G,G,E,Q,E,V,D,Y,V,L,nondefluor
WP_118709078_1_P210A,,T,T,I,F,V,P,R,P,L,E,Y,G,A,K,V,D,E,P,G,G,E,Q,E,V,D,Y,V,L,nondefluor
WP_118709078_1_K211A,,T,T,I,F,V,P,R,P,L,E,Y,G,P,A,V,D,E,P,G,G,E,Q,E,V,D,Y,V,L,nondefluor
WP_118709078_1_V212A,,T,T,I,F,V,P,R,P,L,E,Y,G,P,K,A,D,E,P,G,G,E,Q,E,V,D,Y,V,L,nondefluor
WP_118709078_1_I213A,,T,T,I,F,V,P,R,P,L,E,Y,G,P,K,V,D,E,P,G,G,E,Q,E,V,D,Y,V,L,nondefluor
WP_118709078_1_Y214A,,T,T,I,F,V,P,R,P,L,E,Y,G,P,K,V,D,E,P,G,G,E,Q,E,V,D,Y,V,L,nondefluor
WP_118709078_1_D215A,,T,T,I,F,V,P,R,P,L,E,Y,G,P,K,V,A,E,P,G,G,E,Q,E,V,D,Y,V,L,nondefluor
WP_118709078_1_E216A,,T,T,I,F,V,P,R,P,L,E,Y,G,P,K,V,D,A,P,G,G,E,Q,E,V,D,Y,V,L,nondefluor
WP_118709078_1_P217A,,T,T,I,F,V,P,R,P,L,E,Y,G,P,K,V,D,E,A,G,G,E,Q,E,V,D,Y,V,L,nondefluor
WP_118709078_1_G218A,,T,T,I,F,V,P,R,P,L,E,Y,G,P,K,V,D,E,P,A,G,E,Q,E,V,D,Y,V,L,nondefluor
WP_118709078_1_G219A,,T,T,I,F,V,P,R,P,L,E,Y,G,P,K,V,D,E,P,G,A,E,Q,E,V,D,Y,V,L,nondefluor
WP_118709078_1_E220A,,T,T,I,F,V,P,R,P,L,E,Y,G,P,K,V,D,E,P,G,G,A,Q,E,V,D,Y,V,L,nondefluor
WP_118709078_1_Q221A,,T,T,I,F,V,P,R,P,L,E,Y,G,P,K,V,D,E,P,G,G,E,A,E,V,D,Y,V,L,nondefluor
WP_118709078_1_E222A,,T,T,I,F,V,P,R,P,L,E,Y,G,P,K,V,D,E,P,G,G,E,Q,A,V,D,Y,V,L,nondefluor
WP_118709078_1_V223A,,T,T,I,F,V,P,R,P,L,E,Y,G,P,K,V,D,E,P,G,G,E,Q,E,A,D,Y,V,L,nondefluor
WP_118709078_1_D224A,,T,T,I,F,V,P,R,P,L,E,Y,G,P,K,V,D,E,P,G,G,E,Q,E,V,A,Y,V,L,nondefluor
WP_118709078_1_Y225A,,T,T,I,F,V,P,R,P,L,E,Y,G,P,K,V,D,E,P,G,G,E,Q,E,V,D,A,V,L,nondefluor
WP_118709078_1_V226A,,T,T,I,F,V,P,R,P,L,E,Y,G,P,K,V,D,E,P,G,G,E,Q,E,V,D,Y,A,L,nondefluor
WP_118709078_1_L227A,,T,T,I,F,V,P,R,P,L,E,Y,G,P,K,V,D,E,P,G,G,E,Q,E,V,D,Y,V,A,nondefluor
WP_118709078_1_D228A,,T,T,I,F,V,P,R,P,L,E,Y,G,P,K,V,D,E,P,G,G,E,Q,E,V,D,Y,V,L,nondefluor
WP_118709078_1_D229A,,T,T,I,F,V,P,R,P,L,E,Y,G,P,K,V,D,E,P,G,G,E,Q,E,V,D,Y,V,L,nondefluor
WP_118709078_1_F230A,,T,T,I,F,V,P,R,P,L,E,Y,G,P,K,V,D,E,P,G,G,E,Q,E,V,D,Y,V,L,nondefluor
WP_118709078_1_I231A,,T,T,I,F,V,P,R,P,L,E,Y,G,P,K,V,D,E,P,G,G,E,Q,E,V,D,Y,V,L,nondefluor
WP_118709078_1_E232A,,T,T,I,F,V,P,R,P,L,E,Y,G,P,K,V,D,E,P,G,G,E,Q,E,V,D,Y,V,L,nondefluor
WP_118709078_1_L233A,,T,T,I,F,V,P,R,P,L,E,Y,G,P,K,V,D,E,P,G,G,E,Q,E,V,D,Y,V,L,nondefluor
WP_118709078_1_A234H,,T,T,I,F,V,P,R,P,L,E,Y,G,P,K,V,D,E,P,G,G,E,Q,E,V,D,Y,V,L,nondefluor
WP_118709078_1_R235A,,T,T,I,F,V,P,R,P,L,E,Y,G,P,K,V,D,E,P,G,G,E,Q,E,V,D,Y,V,L,nondefluor
WP_118709078_1_L236A,,T,T,I,F,V,P,R,P,L,E,Y,G,P,K,V,D,E,P,G,G,E,Q,E,V,D,Y,V,L,nondefluor
WP_118709078_1_F237A,,T,T,I,F,V,P,R,P,L,E,Y,G,P,K,V,D,E,P,G,G,E,Q,E,V,D,Y,V,L,nondefluor
WP_118709078_1_G238A,,T,T,I,F,V,P,R,P,L,E,Y,G,P,K,V,D,E,P,G,G,E,Q,E,V,D,Y,V,L,nondefluor
WP_118709078_1_V239A,,T,T,I,F,V,P,R,P,L,E,Y,G,P,K,V,D,E,P,G,G,E,Q,E,V,D,Y,V,L,nondefluor
