ID,genus,strain,,,,,,,
3UM9,Polaromonas,sp. JS666,,,,,,,
3UMG,Rhodococcus,jostii RHA1,,,,,,,
AdehDF,Anaeromyxobacter,dehalogenans,,,,,,,
Bpro4516DF,Polaromonas,sp. JS666,,,,,,,
DehlVa,Burkholderia,cepacia,,,,,,,
DhlB,Xanthobacter,autotrophicus,,,,,,,
GKG916071DF,Gordonibacter,pamelaeae,,,,,,,
GKH53471,Lachnospiraceae,bacterium,,,,,,,
LDexYL,Pseudomonas,sp. YL,,,,,,,
P20_WP_139652913.1,Raoultibacter,phocaeensis,,,,,,,
P21_HTS94301.1,Stellaceae,bacterium,,,,,,,
P22_MDH3205452.1,Gemmatimonadota,bacterium,,,,,,,
P23_PYN88313.1,Rokuibacteriota,Candidatus,,,,,,,
P24_MBS6900484.1,Eubacterium,sp.,,,,,,,
PA0810,Pseudomonas,aeruginosa,,,,,,,
RSc1362,Ralstonia,nicotianae,,,,,,,
ST2570DF,Sulfurisphaera,tokodaii,,,,,,,
WP_029378231,Staphylococcus,xylosus,,,,,,,
WP_031546286,Lacticaseibacillus,rhamnosus,,,,,,,
WP_036125194,Lysinibacillus,sp.,,,,,,,
WP_048310185,Alkalihalobacillus,macyae,,,,,,,
WP_050688410,Priestia,megaterium,,,,,,,
WP_053359908,Clostridium,butyricum,,,,,,,
WP_053428405.1,Rossellomorea,marisflavi,,,,,,,
WP_066861885,Neglectibacter,timonensis,,,,,,,
WP_081745164,Eisenbergiella,massiliensis,,,,,,,
WP_087189991,Gordonibacter,urolithinfaciens,,,,,,,
WP_118709078_1_A123S,Enterocloster,aldensis,,,,,,,
WP_118709078_1_A141G,Enterocloster,aldensis,,,,,,,
WP_118709078_1_A142S,Enterocloster,aldensis,,,,,,,
WP_118709078_1_A174G,Enterocloster,aldensis,,,,,,,
WP_118709078_1_A180H,Enterocloster,aldensis,,,,,,,
WP_118709078_1_A184H,Enterocloster,aldensis,,,,,,,
WP_118709078_1_A195I,Enterocloster,aldensis,,,,,,,
WP_118709078_1_A234H,Enterocloster,aldensis,,,,,,,
WP_118709078_1_A30H,Enterocloster,aldensis,,,,,,,
WP_118709078_1_A45H,Enterocloster,aldensis,,,,,,,
WP_118709078_1_A56V,Enterocloster,aldensis,,,,,,,
WP_118709078_1_A61H,Enterocloster,aldensis,,,,,,,
WP_118709078_1_A70V,Enterocloster,aldensis,,,,,,,
WP_118709078_1_C197A,Enterocloster,aldensis,,,,,,,
WP_118709078_1_C85A,Enterocloster,aldensis,,,,,,,
WP_118709078_1_D131A,Enterocloster,aldensis,,,,,,,
WP_118709078_1_D137A,Enterocloster,aldensis,,,,,,,
WP_118709078_1_D147A,Enterocloster,aldensis,,,,,,,
WP_118709078_1_D153A,Enterocloster,aldensis,,,,,,,
WP_118709078_1_D167A,Enterocloster,aldensis,,,,,,,
WP_118709078_1_D190A,Enterocloster,aldensis,,,,,,,
WP_118709078_1_D19A,Enterocloster,aldensis,,,,,,,
WP_118709078_1_D215A,Enterocloster,aldensis,,,,,,,
WP_118709078_1_D224A,Enterocloster,aldensis,,,,,,,
WP_118709078_1_D228A,Enterocloster,aldensis,,,,,,,
WP_118709078_1_D229A,Enterocloster,aldensis,,,,,,,
WP_118709078_1_D2A,Enterocloster,aldensis,,,,,,,
WP_118709078_1_D38A,Enterocloster,aldensis,,,,,,,
WP_118709078_1_D40A,Enterocloster,aldensis,,,,,,,
WP_118709078_1_D42A,Enterocloster,aldensis,,,,,,,
WP_118709078_1_D51A,Enterocloster,aldensis,,,,,,,
WP_118709078_1_D59A,Enterocloster,aldensis,,,,,,,
WP_118709078_1_D71A,Enterocloster,aldensis,,,,,,,
WP_118709078_1_D79A,Enterocloster,aldensis,,,,,,,
WP_118709078_1_D88A,Enterocloster,aldensis,,,,,,,
WP_118709078_1_D94A,Enterocloster,aldensis,,,,,,,
WP_118709078_1_E113A,Enterocloster,aldensis,,,,,,,
WP_118709078_1_E139A,Enterocloster,aldensis,,,,,,,
WP_118709078_1_E163A,Enterocloster,aldensis,,,,,,,
WP_118709078_1_E168A,Enterocloster,aldensis,,,,,,,
WP_118709078_1_E177A,Enterocloster,aldensis,,,,,,,
WP_118709078_1_E178A,Enterocloster,aldensis,,,,,,,
WP_118709078_1_E207A,Enterocloster,aldensis,,,,,,,
WP_118709078_1_E220A,Enterocloster,aldensis,,,,,,,
WP_118709078_1_E222A,Enterocloster,aldensis,,,,,,,
WP_118709078_1_E232A,Enterocloster,aldensis,,,,,,,
WP_118709078_1_E33A,Enterocloster,aldensis,,,,,,,
WP_118709078_1_E43A,Enterocloster,aldensis,,,,,,,
WP_118709078_1_E66A,Enterocloster,aldensis,,,,,,,
WP_118709078_1_E76A,Enterocloster,aldensis,,,,,,,
WP_118709078_1_E84A,Enterocloster,aldensis,,,,,,,
WP_118709078_1_E92A,Enterocloster,aldensis,,,,,,,
WP_118709078_1_E93A,Enterocloster,aldensis,,,,,,,
WP_118709078_1_E96A,Enterocloster,aldensis,,,,,,,
WP_118709078_1_F11A,Enterocloster,aldensis,,,,,,,
WP_118709078_1_F127A,Enterocloster,aldensis,,,,,,,
WP_118709078_1_F132A,Enterocloster,aldensis,,,,,,,
WP_118709078_1_F148A,Enterocloster,aldensis,,,,,,,
WP_118709078_1_F155A,Enterocloster,aldensis,,,,,,,
WP_118709078_1_F158A,Enterocloster,aldensis,,,,,,,
WP_118709078_1_F201A,Enterocloster,aldensis,,,,,,,
WP_118709078_1_F230A,Enterocloster,aldensis,,,,,,,
WP_118709078_1_F237A,Enterocloster,aldensis,,,,,,,
WP_118709078_1_F44A,Enterocloster,aldensis,,,,,,,
WP_118709078_1_F58A,Enterocloster,aldensis,,,,,,,
WP_118709078_1_G114A,Enterocloster,aldensis,,,,,,,
WP_118709078_1_G125A,Enterocloster,aldensis,,,,,,,
WP_118709078_1_G143A,Enterocloster,aldensis,,,,,,,
WP_118709078_1_G173A,Enterocloster,aldensis,,,,,,,
WP_118709078_1_G209A,Enterocloster,aldensis,,,,,,,
WP_118709078_1_G218A,Enterocloster,aldensis,,,,,,,
WP_118709078_1_G219A,Enterocloster,aldensis,,,,,,,
WP_118709078_1_G22A,Enterocloster,aldensis,,,,,,,
WP_118709078_1_G238A,Enterocloster,aldensis,,,,,,,
WP_118709078_1_G28A,Enterocloster,aldensis,,,,,,,
WP_118709078_1_G47A,Enterocloster,aldensis,,,,,,,
WP_118709078_1_G52A,Enterocloster,aldensis,,,,,,,
WP_118709078_1_G63A,Enterocloster,aldensis,,,,,,,
WP_118709078_1_G83A,Enterocloster,aldensis,,,,,,,
WP_118709078_1_G86A,Enterocloster,aldensis,,,,,,,
WP_118709078_1_G99A,Enterocloster,aldensis,,,,,,,
WP_118709078_1_H103A,Enterocloster,aldensis,,,,,,,
WP_118709078_1_H21A,Enterocloster,aldensis,,,,,,,
WP_118709078_1_H62A,Enterocloster,aldensis,,,,,,,
WP_118709078_1_H74A,Enterocloster,aldensis,,,,,,,
WP_118709078_1_I101A,Enterocloster,aldensis,,,,,,,
WP_118709078_1_I10A,Enterocloster,aldensis,,,,,,,
WP_118709078_1_I124A,Enterocloster,aldensis,,,,,,,
WP_118709078_1_I136A,Enterocloster,aldensis,,,,,,,
WP_118709078_1_I138A,Enterocloster,aldensis,,,,,,,
WP_118709078_1_I149A,Enterocloster,aldensis,,,,,,,
WP_118709078_1_I169A,Enterocloster,aldensis,,,,,,,
WP_118709078_1_I200A,Enterocloster,aldensis,,,,,,,
WP_118709078_1_I213A,Enterocloster,aldensis,,,,,,,
WP_118709078_1_I231A,Enterocloster,aldensis,,,,,,,
WP_118709078_1_I24A,Enterocloster,aldensis,,,,,,,
WP_118709078_1_I3A,Enterocloster,aldensis,,,,,,,
WP_118709078_1_I54A,Enterocloster,aldensis,,,,,,,
WP_118709078_1_I60A,Enterocloster,aldensis,,,,,,,
WP_118709078_1_I9A,Enterocloster,aldensis,,,,,,,
WP_118709078_1_K100A,Enterocloster,aldensis,,,,,,,
WP_118709078_1_K119A,Enterocloster,aldensis,,,,,,,
WP_118709078_1_K140A,Enterocloster,aldensis,,,,,,,
WP_118709078_1_K157A,Enterocloster,aldensis,,,,,,,
WP_118709078_1_K193A,Enterocloster,aldensis,,,,,,,
WP_118709078_1_K211A,Enterocloster,aldensis,,,,,,,
WP_118709078_1_K34A,Enterocloster,aldensis,,,,,,,
WP_118709078_1_K55A,Enterocloster,aldensis,,,,,,,
WP_118709078_1_K5A,Enterocloster,aldensis,,,,,,,
WP_118709078_1_K64A,Enterocloster,aldensis,,,,,,,
WP_118709078_1_L105A,Enterocloster,aldensis,,,,,,,
WP_118709078_1_L112A,Enterocloster,aldensis,,,,,,,
WP_118709078_1_L115A,Enterocloster,aldensis,,,,,,,
WP_118709078_1_L134A,Enterocloster,aldensis,,,,,,,
WP_118709078_1_L154A,Enterocloster,aldensis,,,,,,,
WP_118709078_1_L171A,Enterocloster,aldensis,,,,,,,
WP_118709078_1_L172A,Enterocloster,aldensis,,,,,,,
WP_118709078_1_L194A,Enterocloster,aldensis,,,,,,,
WP_118709078_1_L206A,Enterocloster,aldensis,,,,,,,
WP_118709078_1_L227A,Enterocloster,aldensis,,,,,,,
WP_118709078_1_L236A,Enterocloster,aldensis,,,,,,,
WP_118709078_1_L31A,Enterocloster,aldensis,,,,,,,
WP_118709078_1_L37A,Enterocloster,aldensis,,,,,,,
WP_118709078_1_L39A,Enterocloster,aldensis,,,,,,,
WP_118709078_1_L78A,Enterocloster,aldensis,,,,,,,
WP_118709078_1_L87A,Enterocloster,aldensis,,,,,,,
WP_118709078_1_L90A,Enterocloster,aldensis,,,,,,,
WP_118709078_1_L98A,Enterocloster,aldensis,,,,,,,
WP_118709078_1_M135A,Enterocloster,aldensis,,,,,,,
WP_118709078_1_M181A,Enterocloster,aldensis,,,,,,,
WP_118709078_1_M57A,Enterocloster,aldensis,,,,,,,
WP_118709078_1_M75A,Enterocloster,aldensis,,,,,,,
WP_118709078_1_N116A,Enterocloster,aldensis,,,,,,,
WP_118709078_1_N133A,Enterocloster,aldensis,,,,,,,
WP_118709078_1_N161A,Enterocloster,aldensis,,,,,,,
WP_118709078_1_N170A,Enterocloster,aldensis,,,,,,,
WP_118709078_1_N32A,Enterocloster,aldensis,,,,,,,
WP_118709078_1_N46A,Enterocloster,aldensis,,,,,,,
WP_118709078_1_N50A,Enterocloster,aldensis,,,,,,,
WP_118709078_1_N97A,Enterocloster,aldensis,,,,,,,
WP_118709078_1_P107A,Enterocloster,aldensis,,,,,,,
WP_118709078_1_P109A,Enterocloster,aldensis,,,,,,,
WP_118709078_1_P126A,Enterocloster,aldensis,,,,,,,
WP_118709078_1_P145A,Enterocloster,aldensis,,,,,,,
WP_118709078_1_P162A,Enterocloster,aldensis,,,,,,,
WP_118709078_1_P176A,Enterocloster,aldensis,,,,,,,
WP_118709078_1_P186A,Enterocloster,aldensis,,,,,,,
WP_118709078_1_P203A,Enterocloster,aldensis,,,,,,,
WP_118709078_1_P205A,Enterocloster,aldensis,,,,,,,
WP_118709078_1_P210A,Enterocloster,aldensis,,,,,,,
WP_118709078_1_P217A,Enterocloster,aldensis,,,,,,,
WP_118709078_1_P69A,Enterocloster,aldensis,,,,,,,
WP_118709078_1_Q156A,Enterocloster,aldensis,,,,,,,
WP_118709078_1_Q221A,Enterocloster,aldensis,,,,,,,
WP_118709078_1_Q27A,Enterocloster,aldensis,,,,,,,
WP_118709078_1_Q29A,Enterocloster,aldensis,,,,,,,
WP_118709078_1_R104A,Enterocloster,aldensis,,,,,,,
WP_118709078_1_R117A,Enterocloster,aldensis,,,,,,,
WP_118709078_1_R121A,Enterocloster,aldensis,,,,,,,
WP_118709078_1_R175A,Enterocloster,aldensis,,,,,,,
WP_118709078_1_R235A,Enterocloster,aldensis,,,,,,,
WP_118709078_1_R49A,Enterocloster,aldensis,,,,,,,
WP_118709078_1_R65A,Enterocloster,aldensis,,,,,,,
WP_118709078_1_R7A,Enterocloster,aldensis,,,,,,,
WP_118709078_1_R81A,Enterocloster,aldensis,,,,,,,
WP_118709078_1_S106A,Enterocloster,aldensis,,,,,,,
WP_118709078_1_S187A,Enterocloster,aldensis,,,,,,,
WP_118709078_1_S23A,Enterocloster,aldensis,,,,,,,
WP_118709078_1_S26A,Enterocloster,aldensis,,,,,,,
WP_118709078_1_S36A,Enterocloster,aldensis,,,,,,,
WP_118709078_1_S4A,Enterocloster,aldensis,,,,,,,
WP_118709078_1_S80A,Enterocloster,aldensis,,,,,,,
WP_118709078_1_S82A,Enterocloster,aldensis,,,,,,,
WP_118709078_1_S91A,Enterocloster,aldensis,,,,,,,
WP_118709078_1_T120A,Enterocloster,aldensis,,,,,,,
WP_118709078_1_T13A,Enterocloster,aldensis,,,,,,,
WP_118709078_1_T150A,Enterocloster,aldensis,,,,,,,
WP_118709078_1_T151A,Enterocloster,aldensis,,,,,,,
WP_118709078_1_T198A,Enterocloster,aldensis,,,,,,,
WP_118709078_1_T199A,Enterocloster,aldensis,,,,,,,
WP_118709078_1_T6A,Enterocloster,aldensis,,,,,,,
WP_118709078_1_T72A,Enterocloster,aldensis,,,,,,,
WP_118709078_1_V111A,Enterocloster,aldensis,,,,,,,
WP_118709078_1_V164A,Enterocloster,aldensis,,,,,,,
WP_118709078_1_V166A,Enterocloster,aldensis,,,,,,,
WP_118709078_1_V179A,Enterocloster,aldensis,,,,,,,
WP_118709078_1_V182A,Enterocloster,aldensis,,,,,,,
WP_118709078_1_V18A,Enterocloster,aldensis,,,,,,,
WP_118709078_1_V202A,Enterocloster,aldensis,,,,,,,
WP_118709078_1_V212A,Enterocloster,aldensis,,,,,,,
WP_118709078_1_V223A,Enterocloster,aldensis,,,,,,,
WP_118709078_1_V226A,Enterocloster,aldensis,,,,,,,
WP_118709078_1_V239A,Enterocloster,aldensis,,,,,,,
WP_118709078_1_V25A,Enterocloster,aldensis,,,,,,,
WP_118709078_1_V68A,Enterocloster,aldensis,,,,,,,
WP_118709078_1_V73A,Enterocloster,aldensis,,,,,,,
WP_118709078_1_V89A,Enterocloster,aldensis,,,,,,,
WP_118709078_1_W102A,Enterocloster,aldensis,,,,,,,
WP_118709078_1_W146A,Enterocloster,aldensis,,,,,,,
WP_118709078_1_W20A,Enterocloster,aldensis,,,,,,,
WP_118709078_1_W41A,Enterocloster,aldensis,,,,,,,
WP_118709078_1_W67A,Enterocloster,aldensis,,,,,,,
WP_118709078_1_Y122A,Enterocloster,aldensis,,,,,,,
WP_118709078_1_Y208A,Enterocloster,aldensis,,,,,,,
WP_118709078_1_Y214A,Enterocloster,aldensis,,,,,,,
WP_118709078_1_Y225A,Enterocloster,aldensis,,,,,,,
WP_118709078_1_Y35A,Enterocloster,aldensis,,,,,,,
WP_118709078_1_Y53A,Enterocloster,aldensis,,,,,,,
WP_118709078_1_Y77A,Enterocloster,aldensis,,,,,,,
WP_118709078_1_Y8A,Enterocloster,aldensis,,,,,,,
WP_118709078_1_Y95A,Enterocloster,aldensis,,,,,,,
WP_178618037,Guopingia,tenuis,,,,,,,
WP_178618037_1_A138H,Guopingia,tenuis,,,,,,,
WP_178618037_1_A150H,Guopingia,tenuis,,,,,,,
WP_178618037_1_A167H,Guopingia,tenuis,,,,,,,
WP_178618037_1_A183H,Guopingia,tenuis,,,,,,,
WP_178618037_1_A193H,Guopingia,tenuis,,,,,,,
WP_178618037_1_A209H,Guopingia,tenuis,,,,,,,
WP_178618037_1_A218H,Guopingia,tenuis,,,,,,,
WP_178618037_1_A226H,Guopingia,tenuis,,,,,,,
WP_178618037_1_A232H,Guopingia,tenuis,,,,,,,
WP_178618037_1_A233H,Guopingia,tenuis,,,,,,,
WP_178618037_1_A30H,Guopingia,tenuis,,,,,,,
WP_178618037_1_A34H,Guopingia,tenuis,,,,,,,
WP_178618037_1_A45H,Guopingia,tenuis,,,,,,,
WP_178618037_1_A61H,Guopingia,tenuis,,,,,,,
WP_178618037_1_C196A,Guopingia,tenuis,,,,,,,
WP_178618037_1_D130A,Guopingia,tenuis,,,,,,,
WP_178618037_1_D146A,Guopingia,tenuis,,,,,,,
WP_178618037_1_D160A,Guopingia,tenuis,,,,,,,
WP_178618037_1_D166A,Guopingia,tenuis,,,,,,,
WP_178618037_1_D189A,Guopingia,tenuis,,,,,,,
WP_178618037_1_D221A,Guopingia,tenuis,,,,,,,
WP_178618037_1_D227A,Guopingia,tenuis,,,,,,,
WP_178618037_1_D2A,Guopingia,tenuis,,,,,,,
WP_178618037_1_D40A,Guopingia,tenuis,,,,,,,
WP_178618037_1_D71A,Guopingia,tenuis,,,,,,,
WP_178618037_1_D79A,Guopingia,tenuis,,,,,,,
WP_178618037_1_D83A,Guopingia,tenuis,,,,,,,
WP_178618037_1_D95A,Guopingia,tenuis,,,,,,,
WP_178618037_1_E112A,Guopingia,tenuis,,,,,,,
WP_178618037_1_E165A,Guopingia,tenuis,,,,,,,
WP_178618037_1_E169A,Guopingia,tenuis,,,,,,,
WP_178618037_1_E176A,Guopingia,tenuis,,,,,,,
WP_178618037_1_E177A,Guopingia,tenuis,,,,,,,
WP_178618037_1_E206A,Guopingia,tenuis,,,,,,,
WP_178618037_1_E217A,Guopingia,tenuis,,,,,,,
WP_178618037_1_E223A,Guopingia,tenuis,,,,,,,
WP_178618037_1_E22A,Guopingia,tenuis,,,,,,,
WP_178618037_1_E230A,Guopingia,tenuis,,,,,,,
WP_178618037_1_E27A,Guopingia,tenuis,,,,,,,
WP_178618037_1_E29A,Guopingia,tenuis,,,,,,,
WP_178618037_1_E43A,Guopingia,tenuis,,,,,,,
WP_178618037_1_E50A,Guopingia,tenuis,,,,,,,
WP_178618037_1_E51A,Guopingia,tenuis,,,,,,,
WP_178618037_1_E59A,Guopingia,tenuis,,,,,,,
WP_178618037_1_E68A,Guopingia,tenuis,,,,,,,
WP_178618037_1_E80A,Guopingia,tenuis,,,,,,,
WP_178618037_1_E91A,Guopingia,tenuis,,,,,,,
WP_178618037_1_E92A,Guopingia,tenuis,,,,,,,
WP_178618037_1_E93A,Guopingia,tenuis,,,,,,,
WP_178618037_1_F11A,Guopingia,tenuis,,,,,,,
WP_178618037_1_F126A,Guopingia,tenuis,,,,,,,
WP_178618037_1_F131A,Guopingia,tenuis,,,,,,,
WP_178618037_1_F147A,Guopingia,tenuis,,,,,,,
WP_178618037_1_F154A,Guopingia,tenuis,,,,,,,
WP_178618037_1_F157A,Guopingia,tenuis,,,,,,,
WP_178618037_1_F228A,Guopingia,tenuis,,,,,,,
WP_178618037_1_F44A,Guopingia,tenuis,,,,,,,
WP_178618037_1_F97A,Guopingia,tenuis,,,,,,,
WP_178618037_1_G113A,Guopingia,tenuis,,,,,,,
WP_178618037_1_G124A,Guopingia,tenuis,,,,,,,
WP_178618037_1_G140A,Guopingia,tenuis,,,,,,,
WP_178618037_1_G142A,Guopingia,tenuis,,,,,,,
WP_178618037_1_G172A,Guopingia,tenuis,,,,,,,
WP_178618037_1_G173A,Guopingia,tenuis,,,,,,,
WP_178618037_1_G208A,Guopingia,tenuis,,,,,,,
WP_178618037_1_G236A,Guopingia,tenuis,,,,,,,
WP_178618037_1_G28A,Guopingia,tenuis,,,,,,,
WP_178618037_1_G32A,Guopingia,tenuis,,,,,,,
WP_178618037_1_G36A,Guopingia,tenuis,,,,,,,
WP_178618037_1_G52A,Guopingia,tenuis,,,,,,,
WP_178618037_1_G63A,Guopingia,tenuis,,,,,,,
WP_178618037_1_G86A,Guopingia,tenuis,,,,,,,
WP_178618037_1_H102A,Guopingia,tenuis,,,,,,,
WP_178618037_1_H192A,Guopingia,tenuis,,,,,,,
WP_178618037_1_H213A,Guopingia,tenuis,,,,,,,
WP_178618037_1_H21A,Guopingia,tenuis,,,,,,,
WP_178618037_1_H222A,Guopingia,tenuis,,,,,,,
WP_178618037_1_H42A,Guopingia,tenuis,,,,,,,
WP_178618037_1_H74A,Guopingia,tenuis,,,,,,,
WP_178618037_1_H96A,Guopingia,tenuis,,,,,,,
WP_178618037_1_I10A,Guopingia,tenuis,,,,,,,
WP_178618037_1_I123A,Guopingia,tenuis,,,,,,,
WP_178618037_1_I148A,Guopingia,tenuis,,,,,,,
WP_178618037_1_I163A,Guopingia,tenuis,,,,,,,
WP_178618037_1_I194A,Guopingia,tenuis,,,,,,,
WP_178618037_1_I39A,Guopingia,tenuis,,,,,,,
WP_178618037_1_I54A,Guopingia,tenuis,,,,,,,
WP_178618037_1_I8A,Guopingia,tenuis,,,,,,,
WP_178618037_1_K118A,Guopingia,tenuis,,,,,,,
WP_178618037_1_K120A,Guopingia,tenuis,,,,,,,
WP_178618037_1_K139A,Guopingia,tenuis,,,,,,,
WP_178618037_1_K156A,Guopingia,tenuis,,,,,,,
WP_178618037_1_K219A,Guopingia,tenuis,,,,,,,
WP_178618037_1_K35A,Guopingia,tenuis,,,,,,,
WP_178618037_1_K55A,Guopingia,tenuis,,,,,,,
WP_178618037_1_K77A,Guopingia,tenuis,,,,,,,
WP_178618037_1_K88A,Guopingia,tenuis,,,,,,,
WP_178618037_1_L100A,Guopingia,tenuis,,,,,,,
WP_178618037_1_L104A,Guopingia,tenuis,,,,,,,
WP_178618037_1_L105A,Guopingia,tenuis,,,,,,,
WP_178618037_1_L114A,Guopingia,tenuis,,,,,,,
WP_178618037_1_L133A,Guopingia,tenuis,,,,,,,
WP_178618037_1_L134A,Guopingia,tenuis,,,,,,,
WP_178618037_1_L135A,Guopingia,tenuis,,,,,,,
WP_178618037_1_L149A,Guopingia,tenuis,,,,,,,
WP_178618037_1_L170A,Guopingia,tenuis,,,,,,,
WP_178618037_1_L171A,Guopingia,tenuis,,,,,,,
WP_178618037_1_L179A,Guopingia,tenuis,,,,,,,
WP_178618037_1_L199A,Guopingia,tenuis,,,,,,,
WP_178618037_1_L205A,Guopingia,tenuis,,,,,,,
WP_178618037_1_L235A,Guopingia,tenuis,,,,,,,
WP_178618037_1_L31A,Guopingia,tenuis,,,,,,,
WP_178618037_1_L64A,Guopingia,tenuis,,,,,,,
WP_178618037_1_L73A,Guopingia,tenuis,,,,,,,
WP_178618037_1_L78A,Guopingia,tenuis,,,,,,,
WP_178618037_1_L81A,Guopingia,tenuis,,,,,,,
WP_178618037_1_L82A,Guopingia,tenuis,,,,,,,
WP_178618037_1_L87A,Guopingia,tenuis,,,,,,,
WP_178618037_1_L89A,Guopingia,tenuis,,,,,,,
WP_178618037_1_M137A,Guopingia,tenuis,,,,,,,
WP_178618037_1_M180A,Guopingia,tenuis,,,,,,,
WP_178618037_1_M57A,Guopingia,tenuis,,,,,,,
WP_178618037_1_N136A,Guopingia,tenuis,,,,,,,
WP_178618037_1_N19A,Guopingia,tenuis,,,,,,,
WP_178618037_1_N211A,Guopingia,tenuis,,,,,,,
WP_178618037_1_N212A,Guopingia,tenuis,,,,,,,
WP_178618037_1_N46A,Guopingia,tenuis,,,,,,,
WP_178618037_1_N5A,Guopingia,tenuis,,,,,,,
WP_178618037_1_N98A,Guopingia,tenuis,,,,,,,
WP_178618037_1_P106A,Guopingia,tenuis,,,,,,,
WP_178618037_1_P108A,Guopingia,tenuis,,,,,,,
WP_178618037_1_P125A,Guopingia,tenuis,,,,,,,
WP_178618037_1_P144A,Guopingia,tenuis,,,,,,,
WP_178618037_1_P161A,Guopingia,tenuis,,,,,,,
WP_178618037_1_P175A,Guopingia,tenuis,,,,,,,
WP_178618037_1_P185A,Guopingia,tenuis,,,,,,,
WP_178618037_1_P197A,Guopingia,tenuis,,,,,,,
WP_178618037_1_P202A,Guopingia,tenuis,,,,,,,
WP_178618037_1_P204A,Guopingia,tenuis,,,,,,,
WP_178618037_1_P216A,Guopingia,tenuis,,,,,,,
WP_178618037_1_P66A,Guopingia,tenuis,,,,,,,
WP_178618037_1_P69A,Guopingia,tenuis,,,,,,,
WP_178618037_1_Q111A,Guopingia,tenuis,,,,,,,
WP_178618037_1_Q152A,Guopingia,tenuis,,,,,,,
WP_178618037_1_Q153A,Guopingia,tenuis,,,,,,,
WP_178618037_1_Q155A,Guopingia,tenuis,,,,,,,
WP_178618037_1_Q26A,Guopingia,tenuis,,,,,,,
WP_178618037_1_Q62A,Guopingia,tenuis,,,,,,,
WP_178618037_1_R103A,Guopingia,tenuis,,,,,,,
WP_178618037_1_R115A,Guopingia,tenuis,,,,,,,
WP_178618037_1_R116A,Guopingia,tenuis,,,,,,,
WP_178618037_1_R132A,Guopingia,tenuis,,,,,,,
WP_178618037_1_R174A,Guopingia,tenuis,,,,,,,
WP_178618037_1_R229A,Guopingia,tenuis,,,,,,,
WP_178618037_1_R234A,Guopingia,tenuis,,,,,,,
WP_178618037_1_R33A,Guopingia,tenuis,,,,,,,
WP_178618037_1_R49A,Guopingia,tenuis,,,,,,,
WP_178618037_1_R65A,Guopingia,tenuis,,,,,,,
WP_178618037_1_R75A,Guopingia,tenuis,,,,,,,
WP_178618037_1_R76A,Guopingia,tenuis,,,,,,,
WP_178618037_1_R7A,Guopingia,tenuis,,,,,,,
WP_178618037_1_R99A,Guopingia,tenuis,,,,,,,
WP_178618037_1_S122A,Guopingia,tenuis,,,,,,,
WP_178618037_1_S141A,Guopingia,tenuis,,,,,,,
WP_178618037_1_S186A,Guopingia,tenuis,,,,,,,
WP_178618037_1_S23A,Guopingia,tenuis,,,,,,,
WP_178618037_1_S38A,Guopingia,tenuis,,,,,,,
WP_178618037_1_S4A,Guopingia,tenuis,,,,,,,
WP_178618037_1_T119A,Guopingia,tenuis,,,,,,,
WP_178618037_1_T13A,Guopingia,tenuis,,,,,,,
WP_178618037_1_T162A,Guopingia,tenuis,,,,,,,
WP_178618037_1_T198A,Guopingia,tenuis,,,,,,,
WP_178618037_1_T224A,Guopingia,tenuis,,,,,,,
WP_178618037_1_T90A,Guopingia,tenuis,,,,,,,
WP_178618037_1_T94A,Guopingia,tenuis,,,,,,,
WP_178618037_1_V110A,Guopingia,tenuis,,,,,,,
WP_178618037_1_V168A,Guopingia,tenuis,,,,,,,
WP_178618037_1_V178A,Guopingia,tenuis,,,,,,,
WP_178618037_1_V17A,Guopingia,tenuis,,,,,,,
WP_178618037_1_V181A,Guopingia,tenuis,,,,,,,
WP_178618037_1_V18A,Guopingia,tenuis,,,,,,,
WP_178618037_1_V201A,Guopingia,tenuis,,,,,,,
WP_178618037_1_V210A,Guopingia,tenuis,,,,,,,
WP_178618037_1_V214A,Guopingia,tenuis,,,,,,,
WP_178618037_1_V225A,Guopingia,tenuis,,,,,,,
WP_178618037_1_V237A,Guopingia,tenuis,,,,,,,
WP_178618037_1_V24A,Guopingia,tenuis,,,,,,,
WP_178618037_1_V25A,Guopingia,tenuis,,,,,,,
WP_178618037_1_V37A,Guopingia,tenuis,,,,,,,
WP_178618037_1_V3A,Guopingia,tenuis,,,,,,,
WP_178618037_1_V47A,Guopingia,tenuis,,,,,,,
WP_178618037_1_V56A,Guopingia,tenuis,,,,,,,
WP_178618037_1_V60A,Guopingia,tenuis,,,,,,,
WP_178618037_1_V6A,Guopingia,tenuis,,,,,,,
WP_178618037_1_V70A,Guopingia,tenuis,,,,,,,
WP_178618037_1_V72A,Guopingia,tenuis,,,,,,,
WP_178618037_1_V84A,Guopingia,tenuis,,,,,,,
WP_178618037_1_V9A,Guopingia,tenuis,,,,,,,
WP_178618037_1_W101A,Guopingia,tenuis,,,,,,,
WP_178618037_1_W145A,Guopingia,tenuis,,,,,,,
WP_178618037_1_W20A,Guopingia,tenuis,,,,,,,
WP_178618037_1_W41A,Guopingia,tenuis,,,,,,,
WP_178618037_1_W67A,Guopingia,tenuis,,,,,,,
WP_178618037_1_Y121A,Guopingia,tenuis,,,,,,,
WP_178618037_1_Y200A,Guopingia,tenuis,,,,,,,
WP_178618037_1_Y207A,Guopingia,tenuis,,,,,,,
WP_178618037_1_Y220A,Guopingia,tenuis,,,,,,,
WP_178618037_1_Y53A,Guopingia,tenuis,,,,,,,
WP_178618037_1_Y58A,Guopingia,tenuis,,,,,,,
WP_178618037_1_Y85A,Guopingia,tenuis,,,,,,,
WP_187031722,Oscillospiraceae,,,,,,,,
WP_263041397,Acutalibacter,LFL,,,,,,,
WP0066862581,Citrobacter,youngae,,,,,,,
WP1187090781,Enterocloster,aldensis,,,,,,,
,,,,,,,,,